"DEPCODE","State","Facility","County","Total Deaths","Resident Deaths","Staff Deaths","Deaths UI"
1,"Alachua","Florida","SIGNATURE HEALTHCARE OF GAINESVILLE",1,1,0,0
1,"Alachua","Florida","PLANTATION OAKS SENIOR LIVING RESIDENCE",1,1,0,0
1,"Alachua","Florida","TERRACE HEALTH & REHABILITATION CENTER",1,1,0,0
1,"Alachua","Florida","PARKLANDS CARE CENTER",10,10,0,0
1,"Alachua","Florida","WINDSOR OF GAINESVILLE ASSISTED LIVING & MEMORY CARE THE",1,1,0,0
1,"Alachua","Florida","NORTH FLORIDA REHABILITATION AND SPECIALTY CARE",6,6,0,0
1,"Alachua","Florida","TACACHALE - FACILITY IV",3,2,1,0
1,"Alachua","Florida","HUNTER'S CROSSING PLACE-ASSISTED LIVING",2,2,0,0
1,"Alachua","Florida","OAK HAMMOCK AT THE UNIVERSITY OF FLORIDA",1,1,0,0
2,"Baker","Florida","W FRANK WELLS NURSING HOME",1,1,0,0
2,"Baker","Florida","MACCLENNY NURSING AND REHAB CENTER",2,2,0,0
3,"Bay","Florida","EMERALD SHORES HEALTH AND REHABILITATION",7,6,1,0
3,"Bay","Florida","ST ANDREWS BAY SKILLED NURSING AND REHABILITATION CENTER",10,10,0,0
3,"Bay","Florida","SUPERIOR RESIDENCES OF PANAMA CITY BEACH",1,1,0,0
3,"Bay","Florida","FLORIDA MENTOR - 2603 STATE AVE",1,1,0,0
3,"Bay","Florida","CLIFFORD CHESTER SIMS STATE VETERANS NURSING HOME",7,6,1,0
3,"Bay","Florida","PANAMA CITY DEVELOPMENTAL CENTER",2,1,0,1
4,"Bradford","Florida","WINDSOR HEALTH AND REHABILITATION CENTER",2,2,0,0
5,"Brevard","Florida","LIFE CARE CENTER OF PALM BAY",1,1,0,0
5,"Brevard","Florida","TITUSVILLE REHABILITATION AND NURSING CENTER",4,4,0,0
5,"Brevard","Florida","MELBOURNE TERRACE REHABILITATION CENTER",18,18,0,0
5,"Brevard","Florida","ISLAND HEALTH AND REHABILITATION CENTER",2,2,0,0
5,"Brevard","Florida","VICTORIA LANDING ALF",4,4,0,0
5,"Brevard","Florida","VIERA DEL MAR HEALTH AND REHABILITATION CENTER",2,2,0,0
5,"Brevard","Florida","LIFE CARE CENTER OF MELBOURNE",13,13,0,0
5,"Brevard","Florida","BROOKDALE MELBOURNE",6,6,0,0
5,"Brevard","Florida","CONSULATE HEALTH CARE OF MELBOURNE",16,16,0,0
5,"Brevard","Florida","SONATA VIERA",3,3,0,0
5,"Brevard","Florida","ROYAL OAKS NURSING AND REHAB CENTER",1,1,0,0
5,"Brevard","Florida","HUNTINGTON PLACE",3,3,0,0
5,"Brevard","Florida","VIERA HEALTH AND REHABILITATION CENTER",11,11,0,0
5,"Brevard","Florida","CRESCENT WOOD",1,1,0,0
5,"Brevard","Florida","J & K ASSISTED LIVING, INC",2,2,0,0
5,"Brevard","Florida","PALMS REHABILITATION AND HEALTHCARE CENTER, THE",7,7,0,0
5,"Brevard","Florida","BV ASSISTED LIVING INC",1,1,0,0
5,"Brevard","Florida","SOLARIS SENIOR LIVING MERRITT ISLAND",3,3,0,0
5,"Brevard","Florida","CEDAR CREEK",3,3,0,0
5,"Brevard","Florida","SOLARIS HEALTHCARE MERRITT ISLAND",4,4,0,0
5,"Brevard","Florida","PALM COTTAGES OF ROCKLEDGE",1,1,0,0
5,"Brevard","Florida","COURTENAY SPRINGS VILLAGE",11,11,0,0
5,"Brevard","Florida","CARRIAGE HOUSE ALF",2,2,0,0
5,"Brevard","Florida","GREENWOOD PLACE",3,3,0,0
5,"Brevard","Florida","BETHESDA ON TURKEY CREEK",1,1,0,0
5,"Brevard","Florida","BRENNITY AT MELBOURNE (THE)",2,2,0,0
5,"Brevard","Florida","BROOKSHIRE (THE)",5,5,0,0
5,"Brevard","Florida","WEST MELBOURNE HEALTH & REHABILITATION CENTER",12,12,0,0
5,"Brevard","Florida","ROCKLEDGE HEALTH AND REHABILITATION CENTER",32,30,2,0
5,"Brevard","Florida","GLENBROOKE AT PALM BAY",2,2,0,0
5,"Brevard","Florida","ANCHOR CARE AND REHABILITATION CENTER",8,8,0,0
6,"Broward","Florida","VIP CARE PAVILION, LLC",2,2,0,0
6,"Broward","Florida","NSPIRE HEALTHCARE TAMARAC",1,1,0,0
6,"Broward","Florida","GLADES WEST REHABILITATION AND NURSING CENTER",4,4,0,0
6,"Broward","Florida","PACIFICA SENIOR LIVING SUNRISE",1,1,0,0
6,"Broward","Florida","LIFESTYLE LIVING #1",1,1,0,0
6,"Broward","Florida","WILLOW BAY SENIOR RESORT",5,5,0,0
6,"Broward","Florida","MIDTOWN MANOR",4,4,0,0
6,"Broward","Florida","NORTH LAKE RETIREMENT HOME INC",2,2,0,0
6,"Broward","Florida","COURT AT PALM AIRE, THE",8,8,0,0
6,"Broward","Florida","NSPIRE HEALTHCARE LAUDERHILL",24,24,0,0
6,"Broward","Florida","THE SHERIDAN AT COOPER CITY",5,5,0,0
6,"Broward","Florida","ANNIE'S RETIREMENT HOME INC",3,3,0,0
6,"Broward","Florida","SONATA COCONUT CREEK",4,4,0,0
6,"Broward","Florida","GOD'S VIP SENIOR HAVEN LLC",2,2,0,0
6,"Broward","Florida","FT LAUDERDALE HEALTH AND REHABILITATION CENTER",4,4,0,0
6,"Broward","Florida","THE FORUM AT DEER CREEK",3,2,1,0
6,"Broward","Florida","TAMARAC REHABILITATION AND HEALTH CENTER, INC.",15,15,0,0
6,"Broward","Florida","ROYAL LIVING AT SUNRISE, INC.",1,1,0,0
6,"Broward","Florida","MANOR PINES CONVALESCENT CENTER",24,24,0,0
6,"Broward","Florida","BRIGHT HORIZONS OF RAMBLEWOOD, INC.",4,4,0,0
6,"Broward","Florida","SUNHAVEN VILLA INC.",1,1,0,0
6,"Broward","Florida","POMPANO HEALTH AND REHABILITATION CENTER",17,17,0,0
6,"Broward","Florida","ACTIVE SENIOR LIVING RESIDENCE",1,1,0,0
6,"Broward","Florida","LENOX ON THE LAKE (THE)",3,3,0,0
6,"Broward","Florida","MAGGYS HOME CARE III INC",1,1,0,0
6,"Broward","Florida","REGENTS PARK OF SUNRISE",4,4,0,0
6,"Broward","Florida","WILTON MANORS HEALTH & REHABILITATION CENTER",2,1,1,0
6,"Broward","Florida","ST. JOHN'S NURSING CENTER",4,4,0,0
6,"Broward","Florida","SUNRISE HEALTH AND REHABILITATION CENTER",15,15,0,0
6,"Broward","Florida","HARBORCHASE OF TAMARAC",6,6,0,0
6,"Broward","Florida","JOHN KNOX VILLAGE OF FLORIDA, INC.",2,2,0,0
6,"Broward","Florida","PALMS CARE CENTER",10,10,0,0
6,"Broward","Florida","GOLDEN SWAN ASSISTED LIVING, INC.",3,3,0,0
6,"Broward","Florida","AVALON PARK RETIREMENT RESIDENCE, INC.",2,2,0,0
6,"Broward","Florida","VILLA RIO VISTA",2,2,0,0
6,"Broward","Florida","FLAMINGO ALF",1,1,0,0
6,"Broward","Florida","NSPIRE HEALTHCARE PLANTATION",10,10,0,0
6,"Broward","Florida","SOLARIS HEALTHCARE COCONUT CREEK",6,6,0,0
6,"Broward","Florida","BARNETT LAKEVIEW ALF INC",1,1,0,0
6,"Broward","Florida","THE PRESERVE AT PALM AIRE",1,1,0,0
6,"Broward","Florida","OAKMONTE VILLAGE OF DAVIE",2,2,0,0
6,"Broward","Florida","THE COLONY CLUB ALF",2,2,0,0
6,"Broward","Florida","WEST BROWARD REHABILITATION AND HEALTHCARE",6,5,1,0
6,"Broward","Florida","THE INN AT ASTON GARDENS",3,3,0,0
6,"Broward","Florida","LIFE CARE CENTER OF INVERRARY",6,6,0,0
6,"Broward","Florida","EMERALD PARK OF HOLLYWOOD",1,1,0,0
6,"Broward","Florida","GOLFCREST HEALTHCARE CENTER",11,9,1,1
6,"Broward","Florida","NEW HORIZON OF TAMARAC",1,1,0,0
6,"Broward","Florida","ALEXANDER ""SANDY"" NININGER STATE VETERANS NURSING HOME",15,15,0,0
6,"Broward","Florida","MARGATE HEALTH AND REHABILITATION CENTER",9,9,0,0
6,"Broward","Florida","FORUM AT DEER CREEK",1,1,0,0
6,"Broward","Florida","ARTIS SENIOR LIVING OF DAVIE LLC",8,7,0,1
6,"Broward","Florida","MANOR OAKS NURSING & REHABILITATION CENTER",2,2,0,0
6,"Broward","Florida","HAMPTON COURT ASSISTED LIVING",1,1,0,0
6,"Broward","Florida","THE COURT AT PALM AIRE",4,3,0,1
6,"Broward","Florida","COVENANT VILLAGE CARE CENTER",2,2,0,0
6,"Broward","Florida","RANMAR GARDENS II INC",1,1,0,0
6,"Broward","Florida","PENINSULA (THE)",2,2,0,0
6,"Broward","Florida","FIVE STAR PREMIER RESIDENCES OF PLANTATION",1,0,1,0
6,"Broward","Florida","GRAND COURT ALF LLC",11,11,0,0
6,"Broward","Florida","HARBORCHASE OF CORAL SPRINGS",2,2,0,0
6,"Broward","Florida","ROYAL PALM RESIDENCE INC",1,1,0,0
6,"Broward","Florida","ROYAL PALM SENIOR RESIDENCE",1,1,0,0
6,"Broward","Florida","BROWARD NURSING & REHABILITATION CENTER",5,4,1,0
6,"Broward","Florida","PRESIDENTIAL PLACE",9,9,0,0
6,"Broward","Florida","THE HORIZON CLUB",2,2,0,0
6,"Broward","Florida","PARADISE VILLA RETIREMENT AT SHERIDAN #V",1,1,0,0
6,"Broward","Florida","MEMORIAL MANOR",5,5,0,0
6,"Broward","Florida","FIVE STAR PREMIER RESIDENCES OF HOLLYWOOD",4,4,0,0
6,"Broward","Florida","BUCKINGHAM PLACE, LLC",1,1,0,0
6,"Broward","Florida","SAFE HARBOR ASSISTED LIVING RESORT",1,1,0,0
6,"Broward","Florida","SAEJCA'S CASTLE LLC",2,2,0,0
6,"Broward","Florida","VICTORIA VILLA INC",2,2,0,0
6,"Broward","Florida","DEERFIELD BEACH HEALTH AND REHABILITATION CENTER",13,12,0,1
6,"Broward","Florida","HILLCREST HEALTH CARE AND REHABILITATION CENTER",30,28,1,1
6,"Broward","Florida","PACIFICA SENIOR LIVING FOREST TRACE",4,4,0,0
6,"Broward","Florida","MAJESTIC MEMORY CARE CENTER",12,12,0,0
6,"Broward","Florida","YOURLIFE OF COCONUT CREEK",1,1,0,0
6,"Broward","Florida","GOOD HOPE MANOR",4,4,0,0
6,"Broward","Florida","ATRIA WILLOW WOOD",8,8,0,0
6,"Broward","Florida","EASTSIDE ACTIVE LIVING",1,1,0,0
6,"Broward","Florida","BROOKDALE DEER CREEK",1,1,0,0
6,"Broward","Florida","LIFESTYLE LIVING #2",1,1,0,0
6,"Broward","Florida","PARK SUMMIT AT CORAL SPRINGS",3,3,0,0
7,"Calhoun","Florida","RIVER VALLEY REHABILITATION CENTER",1,1,0,0
7,"Calhoun","Florida","BLOUNTSTOWN HEALTH AND REHABILITATION CENTER",5,5,0,0
8,"Charlotte","Florida","VILLAGE PLACE RETIREMENT",1,1,0,0
8,"Charlotte","Florida","SIGNATURE HEALTHCARE OF PORT CHARLOTTE",5,5,0,0
8,"Charlotte","Florida","HARBOUR TERRACE",6,6,0,0
8,"Charlotte","Florida","LIFE CARE CENTER OF PUNTA GORDA",4,4,0,0
8,"Charlotte","Florida","PORT CHARLOTTE REHABILITATION CENTER",6,6,0,0
8,"Charlotte","Florida","SOLARIS HEALTHCARE CHARLOTTE HARBOR",20,19,1,0
8,"Charlotte","Florida","SANDHILL GARDENS RETIREMENT CENTER",1,1,0,0
8,"Charlotte","Florida","DOUGLAS JACOBSON STATE VETERANS NURSING HOME",2,2,0,0
8,"Charlotte","Florida","HERITAGE OAKS ASSISTED LIVING AND MEMORY CARE",1,1,0,0
8,"Charlotte","Florida","HARBOUR HEALTH CENTER",13,13,0,0
8,"Charlotte","Florida","LEXINGTON MANOR ASSISTED LIVING",1,1,0,0
8,"Charlotte","Florida","BROOKDALE PORT CHARLOTTE",1,1,0,0
8,"Charlotte","Florida","VILLAGE PLACE HEALTH AND REHABILITATION CENTER",3,3,0,0
8,"Charlotte","Florida","CONSULATE HEALTH CARE OF PORT CHARLOTTE",1,1,0,0
9,"Citrus","Florida","GROVE HEALTH AND REHABILITATION CENTER, THE",1,1,0,0
9,"Citrus","Florida","HEALTH CENTER AT BRENTWOOD",5,5,0,0
9,"Citrus","Florida","LIFE CARE CENTER OF CITRUS COUNTY",2,2,0,0
9,"Citrus","Florida","CYPRESS COVE CARE CENTER",1,1,0,0
9,"Citrus","Florida","SUGARMILL MANOR",5,5,0,0
9,"Citrus","Florida","SUNFLOWER SPRINGS LLC",1,1,0,0
9,"Citrus","Florida","AVANTE AT INVERNESS INC",6,6,0,0
9,"Citrus","Florida","BROOKDALE CITRUS",3,3,0,0
9,"Citrus","Florida","DIAMOND RIDGE HEALTH AND REHABILITATION CENTER",1,1,0,0
9,"Citrus","Florida","SUPERIOR RESIDENCES OF LECANTO",1,1,0,0
9,"Citrus","Florida","CITRUS HEALTH AND REHABILITATION CENTER",11,11,0,0
9,"Citrus","Florida","ARBOR TRAIL REHAB AND SKILLED NURSING CENTER",4,4,0,0
10,"Clay","Florida","DIAMOND ALF, LLC",5,5,0,0
10,"Clay","Florida","HEARTLAND HEALTH CARE CENTER - ORANGE PARK",4,4,0,0
10,"Clay","Florida","SEAGRASS VILLAGE OF FLEMING ISLAND",2,2,0,0
10,"Clay","Florida","ISLE HEALTH & REHABILITATION CENTER",1,1,0,0
10,"Clay","Florida","PRUITTHEALTH - FLEMING ISLAND",1,1,0,0
10,"Clay","Florida","SIGNATURE HEALTHCARE OF ORANGE PARK",3,3,0,0
10,"Clay","Florida","LIFE CARE CENTER OF ORANGE PARK",2,2,0,0
10,"Clay","Florida","LIFE CARE CENTER AT WELLS CROSSING",10,9,0,1
10,"Clay","Florida","GOVERNORS CREEK HEALTH AND REHABILITATION",11,11,0,0
10,"Clay","Florida","ALLEGRO -3651 US HIGHWAY 17",2,2,0,0
10,"Clay","Florida","BROOKDALE ORANGE PARK",2,2,0,0
10,"Clay","Florida","PINE CREST MANOR",1,1,0,0
10,"Clay","Florida","SILVER TREASURES AT ORANGE PARK LLC",1,1,0,0
10,"Clay","Florida","CONSULATE HEALTH CARE OF ORANGE PARK",10,10,0,0
10,"Clay","Florida","OAK VIEW REHABILITATION CENTER",1,1,0,0
11,"Collier","Florida","BENTLEY CARE CENTER",6,6,0,0
11,"Collier","Florida","BARRINGTON TERRACE OF NAPLES",8,8,0,0
11,"Collier","Florida","ALL SEASONS IN NAPLES LLC",3,3,0,0
11,"Collier","Florida","SOLARIS SENIOR LIVING NORTH NAPLES",10,9,0,1
11,"Collier","Florida","NAPLES GREEN VILLAGE",10,10,0,0
11,"Collier","Florida","SOLARIS HEALTHCARE IMPERIAL",10,9,1,0
11,"Collier","Florida","ASTON GARDENS AT PELICAN MARSH",3,2,1,0
11,"Collier","Florida","LAKESIDE PAVILION",2,2,0,0
11,"Collier","Florida","ARDEN COURTS OF LELY PALMS",10,10,0,0
11,"Collier","Florida","MANORCARE AT LELY PALMS",9,9,0,0
11,"Collier","Florida","HERITAGE HEALTHCARE AND REHABILITATION CENTER",10,10,0,0
11,"Collier","Florida","THE ARLINGTON OF NAPLES, INC",5,5,0,0
11,"Collier","Florida","THE ARLINGTON OF NAPLES, INC.",1,1,0,0
11,"Collier","Florida","BAYSHORE MEMORY CARE",1,1,0,0
11,"Collier","Florida","MANORCARE NURSING AND REHABILITATION CENTER",15,15,0,0
12,"Columbia","Florida","ROBERT H JENKINS JR VETERANS DOMICILIARY HOME OF FLORIDA",7,4,3,0
12,"Columbia","Florida","AVALON HEALTHCARE CENTER",8,8,0,0
12,"Columbia","Florida","SOLARIS HEALTHCARE LAKE CITY",3,3,0,0
12,"Columbia","Florida","BAYA POINTE NURSING AND REHABILITATION CENTER",1,1,0,0
13,"Dade","Florida","HIALEAH NURSING AND REHABILITATION CENTER",66,66,0,0
13,"Dade","Florida","FAIR HAVENS CENTER",52,52,0,0
13,"Dade","Florida","SUNNY HILLS ALF OF HOMESTEAD, INC",5,5,0,0
13,"Dade","Florida","SIGNATURE HEALTHCARE CENTER OF WATERFORD",40,40,0,0
13,"Dade","Florida","KRYSTAL BAY NURSING AND REHABILITATION",7,7,0,0
13,"Dade","Florida","TWINS SENIORS RESIDENCE ACLF",1,1,0,0
13,"Dade","Florida","PALMETTO CARE CENTER",3,3,0,0
13,"Dade","Florida","TWO SISTERS TENDER CARE LLC",1,1,0,0
13,"Dade","Florida","BLANCA AZUZENA HOME CARE INC",2,2,0,0
13,"Dade","Florida","MARIA'S PALACE CORP",1,1,0,0
13,"Dade","Florida","RIVERSIDE CARE CENTER",12,12,0,0
13,"Dade","Florida","NEW ERA COMMUNITY HEALTH CENTER LLC",4,4,0,0
13,"Dade","Florida","OUR LADY OF CHARITY ACLF, INC",5,5,0,0
13,"Dade","Florida","REGENTS PARK AT AVENTURA",29,29,0,0
13,"Dade","Florida","PINECREST REHABILITATION CENTER",5,5,0,0
13,"Dade","Florida","HIALEAH SHORES NURSING AND REHAB CENTER",6,6,0,0
13,"Dade","Florida","SHALOM ALF",1,1,0,0
13,"Dade","Florida","CLARIDGE HOUSE NURSING & REHABILITATION CENTER",26,26,0,0
13,"Dade","Florida","MERRY ONE ALF",1,1,0,0
13,"Dade","Florida","SALMO 23 ELDER CARE",1,1,0,0
13,"Dade","Florida","NORTH DADE NURSING AND REHABILITATION CENTER",25,25,0,0
13,"Dade","Florida","NSPIRE HEALTHCARE MIAMI LAKES",25,24,1,0
13,"Dade","Florida","UNIVERSITY PLAZA REHABILITATION AND NURSING CENTER, INC",7,7,0,0
13,"Dade","Florida","TREASURE ISLE CARE CENTER",7,7,0,0
13,"Dade","Florida","VILLA MARIA NURSING CENTER",4,4,0,0
13,"Dade","Florida","FLORIDEAN NURSING AND REHABILITATION CENTER, THE",11,11,0,0
13,"Dade","Florida","BUENA VISTA ASSISTED LIVING",2,2,0,0
13,"Dade","Florida","SIGNATURE HEALTHCARE OF BROOKWOOD GARDENS",16,16,0,0
13,"Dade","Florida","BUENA VISTA HEALTH CARE CORP",1,1,0,0
13,"Dade","Florida","JACKSON MEMORIAL LONG TERM CARE CENTER",5,5,0,0
13,"Dade","Florida","LIVEWELL AT GRAND COURT LAKES",2,2,0,0
13,"Dade","Florida","UNITY HEALTH AND REHABILITATION CENTER",16,15,1,0
13,"Dade","Florida","AVENTURA REHAB AND NURSING CENTER",11,10,1,0
13,"Dade","Florida","REYSE ALF CORP.",1,1,0,0
13,"Dade","Florida","CORAL REEF NURSING & REHABILITATION CENTER",22,22,0,0
13,"Dade","Florida","SUN COAST",1,1,0,0
13,"Dade","Florida","GARDEN HILLS RETIREMENT CENTER, INC",4,4,0,0
13,"Dade","Florida","WEST GABLES HEALTH CARE CENTER",15,15,0,0
13,"Dade","Florida","PALMETTO SUBACUTE CARE CENTER",15,15,0,0
13,"Dade","Florida","STERLING AVENTURA",1,1,0,0
13,"Dade","Florida","RIVIERA HEALTH RESORT",7,7,0,0
13,"Dade","Florida","ST ANNE'S RESIDENCE",1,1,0,0
13,"Dade","Florida","MIAMI ASTURIAS HOME INC",3,3,0,0
13,"Dade","Florida","MIAMI JEWISH HEALTH SYSTEMS, INC.",20,20,0,0
13,"Dade","Florida","KEVIN'S ALF CORP",2,2,0,0
13,"Dade","Florida","RESIDENTIAL PLAZA AT BLUE LAGOON",9,9,0,0
13,"Dade","Florida","HAMPTON COURT NURSING AND REHABILITATION CENTER",2,2,0,0
13,"Dade","Florida","HARMONY HEALTH CENTER",3,3,0,0
13,"Dade","Florida","JACKSON PLAZA NURSING AND REHABILITATION CENTER",10,10,0,0
13,"Dade","Florida","PONCE PLAZA NURSING & REHABILITATION CENTER",10,10,0,0
13,"Dade","Florida","POINTE OF NORTH GABLES",10,9,1,0
13,"Dade","Florida","VILLA MARGO IV INC",1,1,0,0
13,"Dade","Florida","SALMOS 23 V LLC",3,3,0,0
13,"Dade","Florida","EPWORTH VILLAGE RETIREMENT COMMUNITY",2,2,0,0
13,"Dade","Florida","NORTH BEACH REHABILITATION CENTER",5,5,0,0
13,"Dade","Florida","PALACE AT HOMESTEAD, LLC",4,4,0,0
13,"Dade","Florida","CROSS GARDENS CARE CENTER",14,14,0,0
13,"Dade","Florida","A LOVING PLACE ALF",1,1,0,0
13,"Dade","Florida","SOUTH DADE NURSING AND REHABILITATION CENTER",11,11,0,0
13,"Dade","Florida","JACKSON MEMORIAL PERDUE MEDICAL CENTER",1,1,0,0
13,"Dade","Florida","AMIGOS OF WESTCHESTER ALF CORP",1,1,0,0
13,"Dade","Florida","SUSANNA WESLEY HEALTH CENTER",13,13,0,0
13,"Dade","Florida","VILLA ROSA II INC",3,3,0,0
13,"Dade","Florida","PROFESSIONAL HOME CARE I",1,1,0,0
13,"Dade","Florida","IMPERIAL CLUB",1,1,0,0
13,"Dade","Florida","FOUNTAIN MANOR HEALTH & REHABILITATION CENTER",16,16,0,0
13,"Dade","Florida","VILLA ROSA IV, INC",1,1,0,0
13,"Dade","Florida","VILLA CANDITA ALF, INC.",2,2,0,0
13,"Dade","Florida","SANDS AT SOUTH BEACH CARE CENTER, THE",16,16,0,0
13,"Dade","Florida","VILLA SERENA III",1,1,0,0
13,"Dade","Florida","PALACE AT KENDALL",6,6,0,0
13,"Dade","Florida","SILVER PALM ASSISTED LIVING, LLC",4,4,0,0
13,"Dade","Florida","FRANCO NURSING & REHABILITATION CENTER",9,8,1,0
13,"Dade","Florida","LITTLE HAVANA ALF INC",3,3,0,0
13,"Dade","Florida","SUNSHINE ELDERLY RESIDENCES, CORP",1,1,0,0
13,"Dade","Florida","MARIA ADULT HOME CARE III",1,1,0,0
13,"Dade","Florida","CORAL GABLES NURSING AND REHABILITATION CENTER",6,6,0,0
13,"Dade","Florida","ALL USA HOMES, INC",1,1,0,0
13,"Dade","Florida","PLAZA AT PARKSQUARE",1,1,0,0
13,"Dade","Florida","NSPIRE HEALTHCARE KENDALL",9,9,0,0
13,"Dade","Florida","COLONIAL ASSISTED LIVING AT MIAMI",1,1,0,0
13,"Dade","Florida","SALMO 23 NO. 2, LLC.",4,4,0,0
13,"Dade","Florida","MIAMI SHORES NURSING AND REHAB CENTER",15,15,0,0
13,"Dade","Florida","SINAI PLAZA NURSING AND REHAB CENTER",15,14,1,0
13,"Dade","Florida","CASA DE AMOR ALF INC",1,1,0,0
13,"Dade","Florida","PINES NURSING HOME",2,2,0,0
13,"Dade","Florida","MIAMI-DADE COUNTY",1,1,0,0
13,"Dade","Florida","TWO SISTERS ALF INC.",1,1,0,0
13,"Dade","Florida","AGING WORLD ALF, LLC",2,2,0,0
13,"Dade","Florida","PALM BREEZE A.L.F.",1,1,0,0
13,"Dade","Florida","SWEETEST HOME INC (THE)",4,4,0,0
13,"Dade","Florida","HAZEL CYPEN TOWER",4,4,0,0
13,"Dade","Florida","GREEN STREET ALF, CORP",1,1,0,0
13,"Dade","Florida","BUENA VISTA HEALTH CARE II, CORP.",1,1,0,0
13,"Dade","Florida","VIDA CLARA ADULT CARE SERVICES LLC",1,1,0,0
13,"Dade","Florida","ARCH PLAZA NURSING & REHABILITATION CENTER",4,4,0,0
13,"Dade","Florida","VICTORIA NURSING & REHABILITATION CENTER, INC.",14,14,0,0
13,"Dade","Florida","ST ANNES NURSING CENTER, ST ANNES RESIDENCE INC",4,4,0,0
13,"Dade","Florida","SWEET HOPE ASSISTED LIVING CORP",1,1,0,0
13,"Dade","Florida","ISA ADULT CARE",1,1,0,0
13,"Dade","Florida","MP DIVERSIFIED SERVICES CORP",1,1,0,0
13,"Dade","Florida","VILLA MARIA WEST SKILLED NURSING FACILITY",2,1,1,0
13,"Dade","Florida","PALM GARDEN OF AVENTURA",6,6,0,0
13,"Dade","Florida","BRYAN FAMILY HOME, INC",1,1,0,0
13,"Dade","Florida","EAST RIDGE RETIREMENT VILLAGE INC",2,2,0,0
13,"Dade","Florida","VILLA SERENA I",1,1,0,0
13,"Dade","Florida","TROPICAL HEAVEN, INC.",1,1,0,0
13,"Dade","Florida","LADY REGLA CARE INC",1,1,0,0
13,"Dade","Florida","GOLDEN GLADES NURSING AND REHABILITATION CENTER",12,12,0,0
13,"Dade","Florida","RAFFA CORP II",1,1,0,0
13,"Dade","Florida","RESIDENCIA CASABELLA ALF CORP",1,1,0,0
13,"Dade","Florida","ABUELITAS HOME, INC",1,1,0,0
13,"Dade","Florida","SUNSHINE ADULT CENTER CORP.",2,2,0,0
13,"Dade","Florida","NEW AGE ADULTCARE INC",1,1,0,0
13,"Dade","Florida","LOG CABIN ENTERPRISES, INC.",3,3,0,0
13,"Dade","Florida","ASSISTED LIVING RETIREMENT HOMES I",1,1,0,0
13,"Dade","Florida","ACHOY ASSISTED LIVING INC",1,1,0,0
13,"Dade","Florida","PALACE AT KENDALL NURSING AND REHABILITATION CENTER",2,2,0,0
13,"Dade","Florida","VI AT AVENTURA",2,2,0,0
13,"Dade","Florida","SEASONS GARDENS SENIOR RESIDENCE",1,1,0,0
13,"Dade","Florida","LAS MERCEDES BOARDING HOME",4,4,0,0
13,"Dade","Florida","MI CASA DORADA ASSISTED LIVING FACILITY CORP",2,2,0,0
13,"Dade","Florida","NSPIRE HEALTHCARE KENDALL",1,1,0,0
13,"Dade","Florida","VILLA MARIA PIA INC",1,1,0,0
13,"Dade","Florida","ASSISTED LIVING OF WESTCHESTER, LLC",2,2,0,0
16,"Duval","Florida","ANTHEM LAKES, LLC",3,3,0,0
16,"Duval","Florida","CYPRESS VILLAGE",1,1,0,0
16,"Duval","Florida","AVANTE VILLA AT JACKSONVILLE BEACH INC",3,3,0,0
16,"Duval","Florida","BROOKDALE SOUTHPOINT",1,1,0,0
16,"Duval","Florida","REGENTS PARK OF JACKSONVILLE",2,2,0,0
16,"Duval","Florida","LIFE CARE CENTER OF JACKSONVILLE",6,6,0,0
16,"Duval","Florida","LANIER REHABILITATION CENTER",2,2,0,0
16,"Duval","Florida","WOODLAND GROVE HEALTH & REHABILITATION CENTER",4,4,0,0
16,"Duval","Florida","BROOKDALE ATRIUM WAY 1",8,7,1,0
16,"Duval","Florida","ST CATHERINE LABOURE MANOR INC",7,6,1,0
16,"Duval","Florida","NOBLE HOUSE RETIREMENT OF JACKSONVILLE, LLC",2,2,0,0
16,"Duval","Florida","EDGEWOOD NURSING CENTER",4,4,0,0
16,"Duval","Florida","FOURAKER HILLS REHAB AND NURSING CENTER",8,8,0,0
16,"Duval","Florida","PLYMOUTH HOME FOR ADULTS INC",1,1,0,0
16,"Duval","Florida","SIGNATURE HEALTHCARE OF JACKSONVILLE",21,21,0,0
16,"Duval","Florida","FANNIE E. TAYLOR HOME FOR THE AGED-TAYLOR MANOR, INC.",2,2,0,0
16,"Duval","Florida","RIVER GARDEN HEBREW HOME FOR THE AGED",4,3,1,0
16,"Duval","Florida","HEARTLAND HEALTH CARE CENTER - JACKSONVILLE",7,7,0,0
16,"Duval","Florida","RIVERWOOD CENTER",7,7,0,0
16,"Duval","Florida","SAN JOSE GARDENS ALZHEIMER'S SPECIAL CARE CENTER",3,3,0,0
16,"Duval","Florida","HEARTLAND HEALTH CARE CENTER OF SOUTH JACKSONVILLE",2,2,0,0
16,"Duval","Florida","CROSS CARE CENTER",1,1,0,0
16,"Duval","Florida","DOLPHIN POINTE HEALTH CARE CENTER",3,3,0,0
16,"Duval","Florida","CAMELLIA AT DEERWOOD",10,10,0,0
16,"Duval","Florida","HARBORCHASE OF MANDARIN",3,3,0,0
16,"Duval","Florida","FLEET LANDING",3,3,0,0
16,"Duval","Florida","BARTRAM LAKES ASSISTED LIVING",1,1,0,0
16,"Duval","Florida","THE COVE AT MARSH LANDING",4,4,0,0
16,"Duval","Florida","PARK RIDGE NURSING CENTER",12,12,0,0
16,"Duval","Florida","FIRST COAST HEALTH AND REHABILITATION CENTER",2,2,0,0
16,"Duval","Florida","TAYLOR CARE CENTER",16,15,1,0
16,"Duval","Florida","TERRACE OF JACKSONVILLE, THE",9,8,0,1
16,"Duval","Florida","SAN JOSE HEALTH AND REHABILITATION CENTER",5,5,0,0
16,"Duval","Florida","JACKSONVILLE NURSING AND REHAB CENTER",12,11,1,0
16,"Duval","Florida","ELMCROFT OF TIMBERLIN PARC",4,4,0,0
17,"Escambia","Florida","CONSULATE HEALTH CARE OF PENSACOLA",1,1,0,0
17,"Escambia","Florida","REHABILITATION CENTER AT PARK PLACE",16,16,0,0
17,"Escambia","Florida","THE WATERFORD AT CARPENTER'S CREEK",9,8,1,0
17,"Escambia","Florida","SPECIALTY HEALTH AND REHABILITATION CENTER",3,3,0,0
17,"Escambia","Florida","THE WATERFORD AT CREEKSIDE",8,8,0,0
17,"Escambia","Florida","GRANDVIEW RETIREMENT CENTER",5,5,0,0
17,"Escambia","Florida","HAVEN OF OUR LADY OF PEACE",3,3,0,0
17,"Escambia","Florida","BROOKDALE PENSACOLA",5,5,0,0
17,"Escambia","Florida","PENSACOLA DEVELOPMENTAL CENTER",1,1,0,0
17,"Escambia","Florida","BAYSIDE HEALTH AND REHABILITATION CENTER",15,15,0,0
17,"Escambia","Florida","SOUTHERN OAKS CARE CENTER",10,9,1,0
17,"Escambia","Florida","CENTURY HEALTH AND REHABILITATION CENTER",9,9,0,0
17,"Escambia","Florida","OLIVE BRANCH HEALTH AND REHABILITATION CENTER",1,1,0,0
17,"Escambia","Florida","ARCADIA HEALTH & REHABILITATION CENTER",4,4,0,0
17,"Escambia","Florida","THE BLAKE AT PENSACOLA OPERATING COMPANY LLC",1,1,0,0
17,"Escambia","Florida","SOLARIS HEALTHCARE PENSACOLA",7,7,0,0
17,"Escambia","Florida","ROSEWOOD HEALTHCARE AND REHABILITATION CENTER",5,5,0,0
17,"Escambia","Florida","OAKBRIDGE TERRACE AT AZALEA TRACE",1,1,0,0
17,"Escambia","Florida","HOMESTEAD VILLAGE RETIREMENT COMMUNITY",1,1,0,0
17,"Escambia","Florida","WILLOWBROOKE COURT AT AZALEA TRACE",8,8,0,0
18,"Flagler","Florida","TUSCAN GARDENS OF PALM COAST",1,1,0,0
18,"Flagler","Florida","FLAGLER HEALTH AND REHABILITATION CENTER",2,2,0,0
20,"Gadsden","Florida","MAGNOLIA HOUSE",1,1,0,0
20,"Gadsden","Florida","RIVERCHASE HEALTH AND REHABILITATION CENTER",7,6,1,0
21,"Gilchrist","Florida","AYERS HEALTH AND REHABILITATION CENTER",10,10,0,0
21,"Gilchrist","Florida","TRI-COUNTY NURSING HOME",1,1,0,0
23,"Gulf","Florida","CROSS SHORES CARE CENTER",1,1,0,0
25,"Hardee","Florida","HARDEE MANOR HEALTHCARE CENTER",2,2,0,0
26,"Hendry","Florida","OAKBROOK HEALTH AND REHABILITATION CENTER",7,7,0,0
26,"Hendry","Florida","CLEWISTON NURSING & REHABILITATION",12,12,0,0
27,"Hernando","Florida","FOREST OAKS OF SPRING HILL",9,9,0,0
27,"Hernando","Florida","EVERGREEN WOODS",17,16,1,0
27,"Hernando","Florida","HERON POINTE HEALTH AND REHABILITATION",5,5,0,0
27,"Hernando","Florida","TANGERINE COVE OF BROOKSVILLE",1,1,0,0
27,"Hernando","Florida","NORTHBROOK HEALTH AND REHABILITATION CENTER",8,8,0,0
27,"Hernando","Florida","SPRINGHILL ASSISTED LIVING FACILITY",1,1,0,0
27,"Hernando","Florida","SPRING OAKS",8,8,0,0
27,"Hernando","Florida","BROOKSVILLE HEALTHCARE CENTER",12,12,0,0
28,"Highlands","Florida","PALMS OF SEBRING, THE",1,1,0,0
28,"Highlands","Florida","BALMORAL ASSISTED LIVING",2,2,0,0
28,"Highlands","Florida","SOUTHERN LIFESTYLE SENIOR LIVING CENTER",1,1,0,0
28,"Highlands","Florida","OAKS AT AVON",7,7,0,0
28,"Highlands","Florida","LAKE PLACID HEALTH AND REHABILITATION CENTER",2,2,0,0
28,"Highlands","Florida","ROYAL CARE OF AVON PARK",10,10,0,0
28,"Highlands","Florida","KENILWORTH CARE & REHABILITATION CENTER",4,3,1,0
28,"Highlands","Florida","PALMS OF SEBRING (THE)",2,1,1,0
28,"Highlands","Florida","FELLOWSHIP HOME AT THE FAIRWAY",4,4,0,0
29,"Hillsborough","Florida","FAIRWAY OAKS CENTER",5,5,0,0
29,"Hillsborough","Florida","S & R ASSISTED LIVING FACILITY LLC",1,1,0,0
29,"Hillsborough","Florida","BEST CARE SENIOR LIVING AT SAINT JOSEPH",1,1,0,0
29,"Hillsborough","Florida","ATRIUM GARDENS ALF LLC",3,3,0,0
29,"Hillsborough","Florida","SOLARIS HEALTHCARE PLANT CITY",2,2,0,0
29,"Hillsborough","Florida","ALLEGRO - 16001 LAKESHORE VILLA DRIVE",1,1,0,0
29,"Hillsborough","Florida","STONE LEDGE MANOR",3,3,0,0
29,"Hillsborough","Florida","GANDY CROSSING CARE CENTER",8,8,0,0
29,"Hillsborough","Florida","CONCORDIA VILLAGE OF TAMPA",18,18,0,0
29,"Hillsborough","Florida","HANNA OAKS CENTER FOR INDEPENDENT AND ASSISTED LIVING",6,6,0,0
29,"Hillsborough","Florida","PROMISE POINTE AT TAMPA OAKS",2,2,0,0
29,"Hillsborough","Florida","YBOR CITY HEALTHCARE AND REHABILITATION CENTER",1,1,0,0
29,"Hillsborough","Florida","PERSON TO PERSON CARE CENTER, LLC",1,1,0,0
29,"Hillsborough","Florida","BAYSHORE POINTE NURSING AND REHAB CENTER",3,3,0,0
29,"Hillsborough","Florida","DISCOVERY VILLAGE AT TAMPA PALMS",1,1,0,0
29,"Hillsborough","Florida","COLONIAL ASSISTED LIVING AT TAMPA FL",1,1,0,0
29,"Hillsborough","Florida","HABANA HEALTH CARE CENTER",15,15,0,0
29,"Hillsborough","Florida","HOMEWOOD RESIDENCE AT FREEDOM PLAZA",3,3,0,0
29,"Hillsborough","Florida","ANGELS SENIOR LIVING AT NEW TAMPA, LLC",1,1,0,0
29,"Hillsborough","Florida","ELMCROFT OF CARROLLWOOD",1,1,0,0
29,"Hillsborough","Florida","MARINA ASSISTED LIVING FACILITY, LLC",2,2,0,0
29,"Hillsborough","Florida","TAMPA LAKES HEALTH AND REHABILITATION CENTER",8,8,0,0
29,"Hillsborough","Florida","CLARIDGE HOUSE AT THE BRIDGES (THE)",1,1,0,0
29,"Hillsborough","Florida","PLAZA WEST",3,3,0,0
29,"Hillsborough","Florida","FLETCHER HEALTH AND REHABILITATION CENTER",5,4,1,0
29,"Hillsborough","Florida","CENTRAL PARK HEALTHCARE AND REHABILITATION CENTER",8,8,0,0
29,"Hillsborough","Florida","CONSULATE HEALTH CARE OF BRANDON",19,19,0,0
29,"Hillsborough","Florida","PALM GARDEN OF TAMPA",6,6,0,0
29,"Hillsborough","Florida","COVENTRY ASSISTED LIVING",2,2,0,0
29,"Hillsborough","Florida","WHISPERING OAKS",7,7,0,0
29,"Hillsborough","Florida","MEMORY LANE COTTAGE AT TAMPA PALMS, LLC",2,2,0,0
29,"Hillsborough","Florida","THE COLONNADE AT NORTHDALE",2,2,0,0
29,"Hillsborough","Florida","REHABILITATION AND HEALTHCARE CENTER OF TAMPA",7,7,0,0
29,"Hillsborough","Florida","TESSERA OF BRANDON",2,2,0,0
29,"Hillsborough","Florida","A LA MY LOVE ALF",1,1,0,0
29,"Hillsborough","Florida","BUENA VIDA CARE CORP",1,1,0,0
29,"Hillsborough","Florida","HILLSBOROUGH COUNTY DEVELOPMENTAL CENTER",1,1,0,0
29,"Hillsborough","Florida","BRANDON HEALTH AND REHABILITATION CENTER",2,2,0,0
29,"Hillsborough","Florida","CARROLLWOOD CARE CENTER",12,12,0,0
29,"Hillsborough","Florida","DANIELLA'S LIFE ALF, LLC",1,1,0,0
29,"Hillsborough","Florida","ROYAL SUN PARK ASSISTED LIVING FACILITY",4,4,0,0
29,"Hillsborough","Florida","MICHT CORP",1,1,0,0
29,"Hillsborough","Florida","PALM GARDEN OF SUN CITY",15,15,0,0
29,"Hillsborough","Florida","COMMUNITY CONVALESCENT CENTER",22,22,0,0
29,"Hillsborough","Florida","BAMBOO VILLAS ASSISTED LIVING FACILITY, LLC",1,1,0,0
29,"Hillsborough","Florida","HERNANDEZ ALF",1,1,0,0
29,"Hillsborough","Florida","WEINBERG VILLAGE",1,1,0,0
29,"Hillsborough","Florida","ALAFIA VILLAGE",2,2,0,0
29,"Hillsborough","Florida","THE INN AT UNIVERSITY VILLAGE",5,5,0,0
29,"Hillsborough","Florida","WOODBRIDGE CARE CENTER",3,3,0,0
29,"Hillsborough","Florida","CENTRAL TAMPA ASSISTED LIVING",3,3,0,0
29,"Hillsborough","Florida","SUPERIOR RESIDENCES OF BRANDON MEMORY CARE",5,5,0,0
29,"Hillsborough","Florida","HOME ASSOCIATION, THE",1,1,0,0
29,"Hillsborough","Florida","INSPIRED LIVING AT SUN CITY CENTER",4,4,0,0
29,"Hillsborough","Florida","ROSECASTLE AT DELANEY CREEK",3,3,0,0
29,"Hillsborough","Florida","BELVEDERE COMMONS OF SUN CITY CENTER",2,2,0,0
29,"Hillsborough","Florida","HAWTHORNE HEALTH AND REHAB OF BRANDON",9,9,0,0
29,"Hillsborough","Florida","BRISTOL AT TAMPA REHABILITATION AND NURSING CENTER LLC, THE",28,28,0,0
29,"Hillsborough","Florida","CROSSINGS AT RIVERVIEW, THE",6,5,1,0
29,"Hillsborough","Florida","BRIGHTON GARDENS OF TAMPA",3,3,0,0
29,"Hillsborough","Florida","ARBOR TERRACE AT CITRUS PARK",2,2,0,0
29,"Hillsborough","Florida","BRISAS DEL CARIBE ALF INC",3,3,0,0
29,"Hillsborough","Florida","BROOKDALE BAYSHORE",1,1,0,0
29,"Hillsborough","Florida","SUN CITY SENIOR LIVING",9,9,0,0
29,"Hillsborough","Florida","EXCEL CARE CENTER",9,9,0,0
30,"Holmes","Florida","BONIFAY NURSING AND REHAB CENTER",2,2,0,0
31,"Indian River","Florida","SEA BREEZE REHAB AND NURSING CENTER",8,8,0,0
31,"Indian River","Florida","ROSEWOOD MANOR OF VERO BEACH, LLC",5,5,0,0
31,"Indian River","Florida","SOMERSET HOUSE",1,1,0,0
31,"Indian River","Florida","RENAISSANCE SENIOR LIVING",1,1,0,0
31,"Indian River","Florida","GRACE REHABILITATION CENTER OF VERO BEACH",3,3,0,0
31,"Indian River","Florida","BROOKDALE VERO BEACH SOUTH",3,3,0,0
31,"Indian River","Florida","FLORIDA BAPTIST RETIREMENT CENTER",2,2,0,0
31,"Indian River","Florida","PALM GARDEN OF VERO BEACH",12,12,0,0
31,"Indian River","Florida","OAKBRIDGE TERRACE ASSISTED LIVING AT INDIAN RIVER ESTATES",2,2,0,0
31,"Indian River","Florida","ISLES OF VERO BEACH",1,1,0,0
31,"Indian River","Florida","HARBORCHASE OF VERO BEACH",5,5,0,0
31,"Indian River","Florida","SOLARIS SENIOR LIVING VERO BEACH",1,1,0,0
31,"Indian River","Florida","CONSULATE HEALTH CARE OF VERO BEACH",16,16,0,0
32,"Jackson","Florida","SUNLAND CENTER MARIANNA-FAC I",1,1,0,0
32,"Jackson","Florida","CHIPOLA HEALTH AND REHABILITATION CENTER",2,2,0,0
32,"Jackson","Florida","SIGNATURE HEALTHCARE AT THE COURTYARD",1,1,0,0
32,"Jackson","Florida","MARIANNA HEALTH AND REHABILITATION CENTER",38,38,0,0
32,"Jackson","Florida","SUNLAND CENTER MARIANNA-FACILITY III",1,1,0,0
32,"Jackson","Florida","SIGNATURE HEALTHCARE OF NORTH FLORIDA",17,16,1,0
33,"Jefferson","Florida","CROSS LANDINGS HEALTH AND REHABILITATION CENTER",6,6,0,0
34,"Lafayette","Florida","LAFAYETTE NURSING AND REHABILITATION CENTER",9,9,0,0
35,"Lake","Florida","AVANTE AT MT DORA, INC.",21,21,0,0
35,"Lake","Florida","VILLAGE VERANDA AT LADY LAKE",2,1,0,1
35,"Lake","Florida","LADY LAKE SPECIALTY CARE CENTER",16,15,0,1
35,"Lake","Florida","AVANTE AT LEESBURG, INC",16,16,0,0
35,"Lake","Florida","SOUTH CAMPUS CARE CENTER",9,9,0,0
35,"Lake","Florida","VISTA LAKE",2,2,0,0
35,"Lake","Florida","RULEME CENTER",9,9,0,0
35,"Lake","Florida","VILLAGES REHABILITATION AND NURSING CENTER, THE",1,1,0,0
35,"Lake","Florida","ADVENTHEALTH CARE CENTER WATERMAN",2,2,0,0
35,"Lake","Florida","THE COVE AT TAVARES VILLAGE",5,5,0,0
35,"Lake","Florida","BAYVIEW CENTER",5,5,0,0
36,"Lee","Florida","WOODLANDS (THE)",8,8,0,0
36,"Lee","Florida","CORAL TRACE HEALTH CARE",2,2,0,0
36,"Lee","Florida","CONSULATE HEALTH CARE OF NORTH FORT MYERS",2,2,0,0
36,"Lee","Florida","EVANS HEALTH CARE",11,11,0,0
36,"Lee","Florida","THE ROSE GARDEN OF FT MYERS",5,5,0,0
36,"Lee","Florida","WINDSOR AT CAPE CORAL (THE)",2,2,0,0
36,"Lee","Florida","BARKLEY PLACE",1,1,0,0
36,"Lee","Florida","ARDEN COURTS OF FT MYERS",7,7,0,0
36,"Lee","Florida","LEHIGH ACRES HEALTH AND REHABILITATION CENTER",8,8,0,0
36,"Lee","Florida","THRIVE AT BEACHWALK",9,9,0,0
36,"Lee","Florida","GLADWELL FORT MYERS",2,2,0,0
36,"Lee","Florida","SHELL POINT NURSING PAVILION",1,1,0,0
36,"Lee","Florida","HEARTLAND HEALTH CARE CENTER-FT MYERS",9,9,0,0
36,"Lee","Florida","HEALTHPARK CARE CENTER",4,4,0,0
36,"Lee","Florida","REHAB & HEALTHCARE CENTER OF CAPE CORAL",17,17,0,0
36,"Lee","Florida","BROOKDALE BONITA SPRINGS",1,1,0,0
36,"Lee","Florida","VILLA COURT LLC",1,1,0,0
36,"Lee","Florida","CAPE WEST LLC",4,4,0,0
36,"Lee","Florida","DISCOVERY VILLAGE AT THE FORUM",1,1,0,0
36,"Lee","Florida","AMERICAN HOUSE BONITA SPRINGS",3,3,0,0
36,"Lee","Florida","INSPIRED LIVING AT BONITA SPRINGS",4,4,0,0
36,"Lee","Florida","BROOKDALE FORT MYERS THE COLONY",7,7,0,0
36,"Lee","Florida","CAPE CORAL SHORES",5,5,0,0
36,"Lee","Florida","CYPRESS COVE AT HEALTHPARK FLORIDA",1,1,0,0
36,"Lee","Florida","CALUSA HARBOUR",1,1,0,0
36,"Lee","Florida","WINKLER COURT",12,12,0,0
36,"Lee","Florida","MANORCARE HEALTH SERVICES",13,13,0,0
36,"Lee","Florida","SIGNATURE HEALTHCARE AT COLLEGE PARK",5,5,0,0
36,"Lee","Florida","PALMS OF FORT MYERS",1,1,0,0
36,"Lee","Florida","CYPRESS POINT",4,4,0,0
36,"Lee","Florida","PAGE REHABILITATION AND HEALTHCARE CENTER",38,38,0,0
36,"Lee","Florida","FORT MYERS REHABILITATION AND NURSING CENTER",13,12,1,0
36,"Lee","Florida","AMERICAN HOUSE FORT MYERS",1,1,0,0
36,"Lee","Florida","BROOKDALE SANTA BARBARA",11,11,0,0
36,"Lee","Florida","SPRINGWOOD COURT",2,2,0,0
36,"Lee","Florida","ARBOR AT SHELL POINT (THE)",2,2,0,0
36,"Lee","Florida","BARRINGTON TERRACE - FT MYERS",2,2,0,0
36,"Lee","Florida","ROSARIO ASSISTED LIVING FACILITY",1,1,0,0
36,"Lee","Florida","HERITAGE PARK REHABILITATION AND HEALTHCARE",10,10,0,0
36,"Lee","Florida","ATRIUM AT LIBERTY PARK",2,2,0,0
36,"Lee","Florida","LIFE CARE CENTER OF ESTERO",11,11,0,0
36,"Lee","Florida","PACIFICA SENIOR LIVING FORT MYERS",3,3,0,0
37,"Leon","Florida","PRUITTHEALTH - SOUTHWOOD",3,3,0,0
37,"Leon","Florida","HERITAGE HEALTHCARE CENTER AT TALLAHASSEE",1,1,0,0
37,"Leon","Florida","ST AUGUSTINE PLANTATION",1,1,0,0
37,"Leon","Florida","WESTMINSTER OAKS",2,2,0,0
37,"Leon","Florida","YOURLIFE OF TALLAHASSEE",1,1,0,0
37,"Leon","Florida","AZALEA GARDENS ALZHEIMER'S SPECIAL CARE CENTER",3,3,0,0
37,"Leon","Florida","SEVEN HILLS HEALTH & REHABILITATION CENTER",1,1,0,0
37,"Leon","Florida","MIRACLE HILL NURSING AND REHABILITATION CENTER, INC",4,4,0,0
37,"Leon","Florida","CONSULATE HEALTH CARE OF TALLAHASSEE",3,3,0,0
37,"Leon","Florida","TALLAHASSEE DEVELOPMENTAL CENTER",5,3,2,0
37,"Leon","Florida","BROOKDALE CENTRE POINTE BOULEVARD",2,2,0,0
38,"Levy","Florida","WILLISTON CARE CENTER",1,1,0,0
40,"Madison","Florida","LAKE PARK OF MADISON NURSING AND REHABILITATION CENTER",8,8,0,0
40,"Madison","Florida","CROSSWINDS HEALTH AND REHABILITATION CENTER",2,2,0,0
40,"Madison","Florida","MADISON HEALTH AND REHABILITATION CENTER",3,1,2,0
41,"Manatee","Florida","MANATEE SPRINGS REHABILITATION AND NURSING CENTER",13,13,0,0
41,"Manatee","Florida","LILY'S PROMISE LLC",1,1,0,0
41,"Manatee","Florida","NURSING CENTER AT FREEDOM VILLAGE, THE",1,0,1,0
41,"Manatee","Florida","SUMMERFIELD RETIREMENT",2,2,0,0
41,"Manatee","Florida","WATER'S EDGE OF BRADENTON, LLC",4,3,1,0
41,"Manatee","Florida","LANGDON HALL OF BRADENTON",1,1,0,0
41,"Manatee","Florida","MANATEE RIVER ASSISTED LIVING LLC",2,2,0,0
41,"Manatee","Florida","RIVIERA PALMS REHABILITATION CENTER",16,16,0,0
41,"Manatee","Florida","CASA MORA REHABILITATION AND EXTENDED CARE",14,14,0,0
41,"Manatee","Florida","WESTMINSTER POINT PLEASANT",1,1,0,0
41,"Manatee","Florida","HERITAGE PARK CARE AND REHABILITATION CENTER",25,24,1,0
41,"Manatee","Florida","BRADENTON HEALTH CARE",15,14,1,0
41,"Manatee","Florida","DISCOVERY VILLAGE AT SARASOTA BAY",1,1,0,0
41,"Manatee","Florida","BROOKDALE BRADENTON GARDENS",3,3,0,0
41,"Manatee","Florida","BRADEN RIVER REHABILITATION CENTER LLC",21,20,1,0
41,"Manatee","Florida","INSPIRED LIVING AT LAKEWOOD RANCH",1,1,0,0
41,"Manatee","Florida","WINDSOR OF LAKEWOOD RANCH (THE)",1,1,0,0
41,"Manatee","Florida","INN AT FREEDOM VILLAGE (THE)",3,3,0,0
41,"Manatee","Florida","WESTMINSTER MANOR OF BRADENTON",1,1,0,0
41,"Manatee","Florida","ELAN MANATEE",2,2,0,0
41,"Manatee","Florida","WINDSOR REFLECTIONS AT LAKEWOOD RANCH",1,1,0,0
42,"Marion","Florida","CANTERFIELD OF OCALA LLC",2,2,0,0
42,"Marion","Florida","PALM GARDEN OF OCALA",3,3,0,0
42,"Marion","Florida","THE HARMONY HOUSE OF OCALA",4,4,0,0
42,"Marion","Florida","BROOKDALE PADDOCK HILLS",9,9,0,0
42,"Marion","Florida","LIFE CARE CENTER OF OCALA",2,2,0,0
42,"Marion","Florida","BRENTWOOD AT FORE RANCH",6,6,0,0
42,"Marion","Florida","OCALA HEALTH AND REHABILITATION CENTER",4,4,0,0
42,"Marion","Florida","HAWTHORNE HEALTH AND REHAB OF OCALA",5,5,0,0
42,"Marion","Florida","HAWTHORNE VILLAGE RETIREMENT COMMUNITY OF OCALA, FL",1,1,0,0
42,"Marion","Florida","BROOKDALE CHAMBREL PINECASTLE",3,3,0,0
42,"Marion","Florida","AVANTE AT OCALA, INC",19,19,0,0
42,"Marion","Florida","BRIDGE AT LIFE CARE CENTER OF OCALA (THE)",1,1,0,0
42,"Marion","Florida","HAMPTON ALF AT DEERWOOD LLC",1,1,0,0
42,"Marion","Florida","HAMPTON ALF AT BELLEVIEW LLC",4,4,0,0
42,"Marion","Florida","BRIDGEWATER PARK HEALTH & REHABILITATION CENTER",2,2,0,0
42,"Marion","Florida","CAMELOT CHATEAU",4,4,0,0
42,"Marion","Florida","TIMBERRIDGE NURSING & REHABILITATION CENTER",31,31,0,0
42,"Marion","Florida","OCALA OAKS REHABILITATION CENTER",15,15,0,0
42,"Marion","Florida","CHATHAM GLEN HEALTHCARE AND REHABILITATION CENTER",1,1,0,0
42,"Marion","Florida","HAMPTON ALF AT 24TH ROAD LLC",12,12,0,0
42,"Marion","Florida","OAKHURST CENTER",3,3,0,0
43,"Martin","Florida","SOLARIS SENIOR LIVING STUART",1,1,0,0
43,"Martin","Florida","AMORE AT KANNER HIGHWAY, LLC",5,5,0,0
43,"Martin","Florida","WATER'S EDGE ASSISTED LIVING",1,1,0,0
43,"Martin","Florida","STUART REHABILITATION AND HEALTHCARE",4,4,0,0
43,"Martin","Florida","BROOKDALE STUART",1,1,0,0
43,"Martin","Florida","SOLARIS HEALTHCARE PARKWAY",3,3,0,0
43,"Martin","Florida","BROOKDALE JENSEN BEACH",3,3,0,0
43,"Martin","Florida","TERRACE AT HOBE SOUND, THE",32,32,0,0
43,"Martin","Florida","HOBE SOUND MANOR",1,1,0,0
43,"Martin","Florida","STUART LODGE",3,3,0,0
43,"Martin","Florida","MARTIN NURSING AND REHABILITATION",14,14,0,0
43,"Martin","Florida","PALM CITY NURSING AND REHAB CENTER",8,8,0,0
43,"Martin","Florida","GRAND OAKS OF JENSEN BEACH",1,1,0,0
43,"Martin","Florida","YOURLIFE OF STUART",8,8,0,0
43,"Martin","Florida","SALERNO BAY HEALTH AND REHABILITATION CENTER",4,4,0,0
43,"Martin","Florida","GRAND OAKS OF PALM CITY LLC",3,3,0,0
44,"Monroe","Florida","CRYSTAL HEALTH AND REHAB CENTER, LLC",1,1,0,0
44,"Monroe","Florida","POINCIANA GARDENS",1,1,0,0
45,"Nassau","Florida","FERNANDINA BEACH REHABILITATION AND NURSING CENTER",11,11,0,0
45,"Nassau","Florida","LIFE CARE CENTER OF HILLIARD",9,8,1,0
45,"Nassau","Florida","MINER NORTH",1,1,0,0
46,"Okaloosa","Florida","EMERALD COAST CENTER",7,7,0,0
46,"Okaloosa","Florida","TWIN CITIES PAVILION",3,3,0,0
46,"Okaloosa","Florida","THE MERIDIAN AT WESTWOOD",4,4,0,0
46,"Okaloosa","Florida","SUPERIOR RESIDENCES OF NICEVILLE",6,5,0,1
46,"Okaloosa","Florida","FORT WALTON REHABILITATION CENTER, LLC",5,5,0,0
46,"Okaloosa","Florida","SHOAL CREEK REHABILITATION CENTER",10,10,0,0
46,"Okaloosa","Florida","MANOR AT BLUE WATER BAY, THE",9,8,0,1
46,"Okaloosa","Florida","DESTIN HEALTHCARE AND REHABILITATION CENTER",4,4,0,0
46,"Okaloosa","Florida","WESTWOOD NURSING AND REHABILITATION CENTER",6,6,0,0
46,"Okaloosa","Florida","BROOKDALE FORT WALTON BEACH",1,1,0,0
47,"Okeechobee","Florida","OKEECHOBEE HEALTH CARE FACILITY",13,10,0,3
48,"Orange","Florida","SAVANNAH COURT OF MAITLAND",2,2,0,0
48,"Orange","Florida","ADVENTHEALTH CARE CENTER ORLANDO NORTH",1,1,0,0
48,"Orange","Florida","HUNTERS CREEK NURSING AND REHAB CENTER",6,5,1,0
48,"Orange","Florida","COLONIAL LAKES HEALTH CARE",10,9,0,1
48,"Orange","Florida","ORLANDO HEALTH AND REHABILITATION CENTER",15,15,0,0
48,"Orange","Florida","ROSEWOOD HEALTH AND REHABILITATION CENTER",7,7,0,0
48,"Orange","Florida","SONATA WEST",1,1,0,0
48,"Orange","Florida","REGENTS PARK OF WINTER PARK",2,2,0,0
48,"Orange","Florida","WESTMINSTER WINTER PARK",1,1,0,0
48,"Orange","Florida","RIO PINAR HEALTH CARE",9,9,0,0
48,"Orange","Florida","SERENADES BY SONATA - WEST ORANGE",1,1,0,0
48,"Orange","Florida","OCOEE HEALTH CARE CENTER",8,7,0,1
48,"Orange","Florida","ADVENTHEALTH CARE CENTER ORLANDO EAST",4,4,0,0
48,"Orange","Florida","SAVANNAH GRAND OF MAITLAND",2,2,0,0
48,"Orange","Florida","GENTRY PARK ORLANDO",1,1,0,0
48,"Orange","Florida","PARKS HEALTHCARE AND REHABILITATION CENTER",1,1,0,0
48,"Orange","Florida","MAYFLOWER HEALTHCARE CENTER",2,1,0,1
48,"Orange","Florida","SOLARIS HEALTHCARE LAKE BENNET",2,2,0,0
48,"Orange","Florida","ORLANDO LUTHERAN TOWERS",4,4,0,0
48,"Orange","Florida","TERRA VISTA REHAB AND HEALTH CENTER",9,9,0,0
48,"Orange","Florida","PALM GARDEN OF ORLANDO",3,3,0,0
48,"Orange","Florida","GREEN TREE ASSISTED LIVING, LLC",2,2,0,0
48,"Orange","Florida","GUARDIAN CARE NURSING & REHABILITATION CENTER",10,10,0,0
48,"Orange","Florida","WINTER PARK CARE & REHABILITATION CENTER",4,4,0,0
48,"Orange","Florida","SOLARIS HEALTHCARE WINDERMERE",2,2,0,0
48,"Orange","Florida","BROOKDALE WEKIWA SPRINGS",1,1,0,0
48,"Orange","Florida","WINTER GARDEN REHABILITATION AND NURSING CENTER",5,4,0,1
48,"Orange","Florida","AVANTE AT ORLANDO INC.",11,9,1,1
48,"Orange","Florida","CONWAY LAKES HEALTH & REHABILITATION CENTER",6,6,0,0
48,"Orange","Florida","THE ROSE GARDEN OF ORLANDO",1,1,0,0
48,"Orange","Florida","LIFE CARE CENTER OF ORLANDO",1,1,0,0
48,"Orange","Florida","PARKVIEW REHABILITATION CENTER AT WINTER PARK",3,3,0,0
48,"Orange","Florida","ADVENTHEALTH CARE CENTER APOPKA NORTH",1,1,0,0
49,"Osceola","Florida","CONSULATE HEALTH CARE OF KISSIMMEE",13,13,0,0
49,"Osceola","Florida","GOOD SAMARITAN SOCIETY-KISSIMMEE VILLAGE",5,5,0,0
49,"Osceola","Florida","BISHOP GRADY VILLAS",1,1,0,0
49,"Osceola","Florida","KEYSTONE REHABILITATION AND HEALTH CENTER",3,3,0,0
49,"Osceola","Florida","TERRACE OF ST CLOUD, THE",10,10,0,0
49,"Osceola","Florida","AVANTE AT ST. CLOUD, INC.",7,7,0,0
49,"Osceola","Florida","TERRACE OF KISSIMMEE, THE",2,2,0,0
49,"Osceola","Florida","SOLARIS HEALTHCARE OSCEOLA",6,6,0,0
49,"Osceola","Florida","ROSE'S TERRACE INC",1,1,0,0
50,"Palm Beach","Florida","HARBORCHASE OF PALM BEACH GARDENS",3,3,0,0
50,"Palm Beach","Florida","HEARTLAND HEALTH CARE CENTER - PROSPERITY OAKS",8,8,0,0
50,"Palm Beach","Florida","PACIFICA SENIOR LIVING OF PALM BEACH",5,5,0,0
50,"Palm Beach","Florida","REHABILITATION CENTER OF THE PALM BEACHES THE",4,4,0,0
50,"Palm Beach","Florida","GRAND VILLA OF DELRAY WEST",3,3,0,0
50,"Palm Beach","Florida","WILLOWBROOKE COURT AT ST ANDREWS ESTATES",6,6,0,0
50,"Palm Beach","Florida","ABBEY DELRAY HEALTH CENTER",2,2,0,0
50,"Palm Beach","Florida","RENAISSANCE HEALTH AND REHABILITATION",7,7,0,0
50,"Palm Beach","Florida","PLEASANT RETIREMENT HOME INC",1,1,0,0
50,"Palm Beach","Florida","BOYNTON BEACH REHABILITATION CENTER",2,2,0,0
50,"Palm Beach","Florida","DARCY HALL OF LIFE CARE",32,32,0,0
50,"Palm Beach","Florida","LOURDES-NOREEN MCKEEN RESIDENCE FOR GERIATRIC CARE, INC.",5,5,0,0
50,"Palm Beach","Florida","TERRACE COMMUNITIES TEQUESTA , LLC",6,6,0,0
50,"Palm Beach","Florida","MANORCARE HEALTH SERVICES",7,7,0,0
50,"Palm Beach","Florida","JOSEPH L. MORSE HEALTH CENTER, INC., THE",10,10,0,0
50,"Palm Beach","Florida","BROOKDALE WEST BOYNTON BEACH",1,1,0,0
50,"Palm Beach","Florida","SAVANNAH COURT OF THE PALM BEACHES",12,12,0,0
50,"Palm Beach","Florida","PARKSIDE INN",7,7,0,0
50,"Palm Beach","Florida","ROYAL PALM BEACH HEALTH AND REHABILITATION CENTER",1,1,0,0
50,"Palm Beach","Florida","ALLEGRO - 11450 HAGEN RANCH RD",1,1,0,0
50,"Palm Beach","Florida","1 AAA ASSISTED LIVING AT WELLINGTON",1,1,0,0
50,"Palm Beach","Florida","GARDENS COURT, THE",7,6,0,1
50,"Palm Beach","Florida","BRIGHTON GARDENS OF BOCA RATON",1,1,0,0
50,"Palm Beach","Florida","AVANTE AT BOCA RATON, INC.",13,13,0,0
50,"Palm Beach","Florida","HIBISCUS PALACE II ASSISTED LIVING FACILITY LLC",1,1,0,0
50,"Palm Beach","Florida","ENCORE AT BOCA RATON REHABILITATION AND NURSING CENTER, LLC, THE",6,6,0,0
50,"Palm Beach","Florida","DISCOVERY VILLAGE AT BOYNTON BEACH AL",5,5,0,0
50,"Palm Beach","Florida","CORAL BAY HEALTHCARE AND REHABILITATION",1,1,0,0
50,"Palm Beach","Florida","THE CLUB AT BOYNTON BEACH",1,1,0,0
50,"Palm Beach","Florida","BOULEVARD REHABILITATION CENTER",11,11,0,0
50,"Palm Beach","Florida","HEALTH CENTER AT SINAI RESIDENCES",4,4,0,0
50,"Palm Beach","Florida","BROOKDALE WEST PALM BEACH",3,3,0,0
50,"Palm Beach","Florida","FIVE STAR PREMIER RESIDENCES OF BOCA RATON",3,3,0,0
50,"Palm Beach","Florida","ABBEY DELRAY",3,3,0,0
50,"Palm Beach","Florida","ABBEY DELRAY SOUTH",9,9,0,0
50,"Palm Beach","Florida","CARLISLE PALM BEACH, THE",3,2,1,0
50,"Palm Beach","Florida","HARBORCHASE OF WELLINGTON CROSSING",8,8,0,0
50,"Palm Beach","Florida","CONSULATE HEALTH CARE OF WEST PALM BEACH",11,11,0,0
50,"Palm Beach","Florida","MENORAH HOUSE",10,10,0,0
50,"Palm Beach","Florida","GRAND VILLA OF DELRAY EAST",10,10,0,0
50,"Palm Beach","Florida","JUPITER REHABILITATION AND HEALTHCARE CENTER",22,22,0,0
50,"Palm Beach","Florida","REGENTS PARK NURSING & REHABILITATION CENTER",12,12,0,0
50,"Palm Beach","Florida","THE MERIDIAN AT BOCA RATON",2,2,0,0
50,"Palm Beach","Florida","VI AT LAKESIDE VILLAGE",3,3,0,0
50,"Palm Beach","Florida","ARTIS SENIOR LIVING OF BOCA RATON LLC",2,2,0,0
50,"Palm Beach","Florida","BROOKDALE PALM BEACH GARDENS",1,0,0,1
50,"Palm Beach","Florida","CROSSINGS, THE",23,23,0,0
50,"Palm Beach","Florida","OASIS HEALTH AND REHABILITATION CENTER",17,17,0,0
50,"Palm Beach","Florida","HEARTLAND HEALTH CARE AND REHABILITATION CENTER OF BOCA RATON",7,7,0,0
50,"Palm Beach","Florida","NUESTRA CASA II INC",1,1,0,0
50,"Palm Beach","Florida","NORTH LAKE CARE CENTER",3,3,0,0
50,"Palm Beach","Florida","MEDICANA NURSING AND REHAB CENTER",8,8,0,0
50,"Palm Beach","Florida","ABACO HOUSE ALF",1,1,0,0
50,"Palm Beach","Florida","THE MERIDIAN AT LANTANA",1,1,0,0
50,"Palm Beach","Florida","ALF HOME ASSISTED LIVING PLUS MORE",1,1,0,0
50,"Palm Beach","Florida","WOOD LAKE HEALTH AND REHABILITATION CENTER",1,1,0,0
50,"Palm Beach","Florida","SONATA DELRAY BEACH",1,1,0,0
50,"Palm Beach","Florida","VENTURA HEALTH AND REHABILITATION CENTER",6,6,0,0
50,"Palm Beach","Florida","HIBISCUS PALACE WELLINGTON LLC",1,1,0,0
50,"Palm Beach","Florida","ARDEN COURTS OF DELRAY BEACH",7,7,0,0
50,"Palm Beach","Florida","LAKESIDE HEALTH CENTER",9,9,0,0
50,"Palm Beach","Florida","ARBOR OAKS AT GREENACRES",14,14,0,0
50,"Palm Beach","Florida","GLADES HEALTH CARE CENTER",8,7,1,0
50,"Palm Beach","Florida","SIGNATURE HEALTHCARE OF PALM BEACH",23,23,0,0
50,"Palm Beach","Florida","SONATA BOYNTON BEACH",10,10,0,0
50,"Palm Beach","Florida","PALM'S EDGE ASSISTED LIVING AND MEMORY CARE",4,4,0,0
50,"Palm Beach","Florida","MANORCARE HEALTH SERVICES - BOYNTON BEACH",11,11,0,0
50,"Palm Beach","Florida","GOLDEN CARE FACILITY LLC",1,1,0,0
50,"Palm Beach","Florida","HAMLIN PLACE OF BOYNTON BEACH",15,15,0,0
50,"Palm Beach","Florida","AVANTE AT LAKE WORTH, INC.",2,1,1,0
50,"Palm Beach","Florida","MANORCARE HEALTH SERVICES",4,4,0,0
50,"Palm Beach","Florida","ATRIA AT VILLAGES OF WINDSOR",6,5,1,0
50,"Palm Beach","Florida","MANORCARE HEALTH SERVICES WEST PALM BEACH",5,5,0,0
50,"Palm Beach","Florida","CASTLEWOOD ALF INC",2,2,0,0
50,"Palm Beach","Florida","STRATFORD COURT OF BOCA RATON",12,12,0,0
50,"Palm Beach","Florida","ATRIUM AT BOCA RATON, THE",5,5,0,0
50,"Palm Beach","Florida","FOUNTAINVIEW",5,5,0,0
50,"Palm Beach","Florida","WATERFORD, THE",7,7,0,0
50,"Palm Beach","Florida","TRADITION OF THE PALM BEACHES (THE)",2,2,0,0
50,"Palm Beach","Florida","LAKE VIEW CARE CENTER AT DELRAY",15,15,0,0
50,"Palm Beach","Florida","ARDEN COURTS OF WEST PALM BEACH",1,1,0,0
50,"Palm Beach","Florida","SONATA BOCA RATON",1,1,0,0
50,"Palm Beach","Florida","BANYAN PLACE",13,13,0,0
50,"Palm Beach","Florida","SYMPHONY AT DELRAY BEACH",5,5,0,0
50,"Palm Beach","Florida","PALM GARDEN OF WEST PALM BEACH",18,18,0,0
50,"Palm Beach","Florida","TERRACES OF LAKE WORTH CARE CENTER",5,5,0,0
50,"Palm Beach","Florida","CRESTHAVEN",6,6,0,0
50,"Palm Beach","Florida","BOCA RATON REHABILITATION CENTER",5,5,0,0
50,"Palm Beach","Florida","ADDINGTON PLACE AT WELLINGTON GREEN",2,2,0,0
50,"Palm Beach","Florida","BARRINGTON TERRACE AT BOYNTON BEACH",1,1,0,0
50,"Palm Beach","Florida","FINNISH-AMERICAN VILLAGE",9,9,0,0
50,"Palm Beach","Florida","HEARTLAND HEALTH CARE CENTER - BOYNTON BEACH",12,12,0,0
50,"Palm Beach","Florida","COURTYARD GARDENS OF JUPITER",10,10,0,0
50,"Palm Beach","Florida","COLONIAL ASSISTED LIVING AT WEST PALM BEACH FL",1,1,0,0
50,"Palm Beach","Florida","ATRIA PARK OF ST JOSEPH'S",1,1,0,0
50,"Palm Beach","Florida","MANGROVE BAY",1,1,0,0
50,"Palm Beach","Florida","CHATSWORTH AT PGA NATIONAL",2,2,0,0
51,"Pasco","Florida","TRINITY REGIONAL REHAB CENTER",2,2,0,0
51,"Pasco","Florida","GRAND VILLA OF NEW PORT RICHEY",1,1,0,0
51,"Pasco","Florida","CONSULATE HEALTH CARE OF NEW PORT RICHEY",1,1,0,0
51,"Pasco","Florida","ROYAL OAK NURSING CENTER",8,8,0,0
51,"Pasco","Florida","ORCHARD RIDGE",7,7,0,0
51,"Pasco","Florida","SUN COAST RETREAT",1,1,0,0
51,"Pasco","Florida","HERITAGE PARK HEALTH AND REHABILITATION CENTER",4,3,1,0
51,"Pasco","Florida","ADVENTHEALTH CARE CENTER ZEPHYRHILLS SOUTH",16,16,0,0
51,"Pasco","Florida","BROOKDALE NEW PORT RICHEY",1,1,0,0
51,"Pasco","Florida","BEACH HOUSE ASSISTED LIVING AND MEMORY CARE AT WIREGRASS RANCH",1,1,0,0
51,"Pasco","Florida","FOREST GLEN LODGES",1,1,0,0
51,"Pasco","Florida","BALDOMERO LOPEZ MEMORIAL VETERANS NURSING HOME",16,16,0,0
51,"Pasco","Florida","HEARTLAND OF ZEPHYRHILLS",4,4,0,0
51,"Pasco","Florida","BEAR CREEK NURSING CENTER",9,8,0,1
51,"Pasco","Florida","WINDSOR WOODS REHAB AND HEALTHCARE CENTER",2,2,0,0
51,"Pasco","Florida","MADISON POINTE CARE CENTER",3,3,0,0
51,"Pasco","Florida","SUNSHINE CHRISTIAN HOMES INC",7,7,0,0
51,"Pasco","Florida","CONSULATE HEALTH CARE OF BAYONET POINT",11,11,0,0
52,"Pinellas","Florida","HARBORCHASE",2,2,0,0
52,"Pinellas","Florida","BARDMOOR OAKS HEALTHCARE AND REHABILITATION CENTER",10,10,0,0
52,"Pinellas","Florida","BAYSIDE CARE CENTER",1,1,0,0
52,"Pinellas","Florida","GULFPORT REHABILITATION CENTER",9,8,0,1
52,"Pinellas","Florida","BAY POINTE NURSING PAVILION",10,10,0,0
52,"Pinellas","Florida","SEASONS BELLEAIR",4,4,0,0
52,"Pinellas","Florida","GRAND VILLA OF DUNEDIN",1,1,0,0
52,"Pinellas","Florida","OAKS OF CLEARWATER, THE",10,10,0,0
52,"Pinellas","Florida","INN AT FREEDOM SQUARE (THE)",2,2,0,0
52,"Pinellas","Florida","PARC, INC",2,2,0,0
52,"Pinellas","Florida","MAGNOLIA GARDENS ASSISTED LIVING",1,1,0,0
52,"Pinellas","Florida","EAST BAY REHABILITATION CENTER",2,2,0,0
52,"Pinellas","Florida","WRIGHTS HEALTHCARE AND REHABILITATION CENTER",1,1,0,0
52,"Pinellas","Florida","CONSULATE HEALTH CARE OF ST PETERSBURG",6,6,0,0
52,"Pinellas","Florida","FREEDOM SQUARE REHABILITATION & NURSING SERVICES",9,9,0,0
52,"Pinellas","Florida","PALM GARDEN OF LARGO",5,5,0,0
52,"Pinellas","Florida","ANGEL CARE ASSISTED LIVING FACILITY",4,4,0,0
52,"Pinellas","Florida","ALPINE HEALTH AND REHABILITATION CENTER",5,5,0,0
52,"Pinellas","Florida","GRAND VILLA OF ST PETERSBURG",4,4,0,0
52,"Pinellas","Florida","BRISTOL COURT ASSISTED LIVING",1,1,0,0
52,"Pinellas","Florida","NORTH REHABILITATION CENTER",4,4,0,0
52,"Pinellas","Florida","EAGLE LAKE NURSING AND REHAB CARE CENTER",4,4,0,0
52,"Pinellas","Florida","LEXINGTON HEALTH AND REHABILITATION CENTER",10,9,0,1
52,"Pinellas","Florida","BARRINGTON (THE)",1,1,0,0
52,"Pinellas","Florida","MASONIC HOME OF FLORIDA",3,3,0,0
52,"Pinellas","Florida","BAYTREE LAKESIDE",3,3,0,0
52,"Pinellas","Florida","BELLEAIR HEALTH CARE CENTER",3,3,0,0
52,"Pinellas","Florida","LAURELLWOOD CARE CENTER",1,1,0,0
52,"Pinellas","Florida","SUNSET POINT",2,2,0,0
52,"Pinellas","Florida","PRINCETON VILLAGE OF LARGO",1,1,0,0
52,"Pinellas","Florida","CONSULATE HEALTH CARE OF SAFETY HARBOR",6,6,0,0
52,"Pinellas","Florida","GATEWAY CARE CENTER",4,4,0,0
52,"Pinellas","Florida","CLEARWATER CENTER",1,1,0,0
52,"Pinellas","Florida","CARRINGTON PLACE OF ST PETE",7,7,0,0
52,"Pinellas","Florida","HEATHER HAVEN II",1,1,0,0
52,"Pinellas","Florida","BON SECOURS MARIA MANOR NURSING CARE CENTER",26,26,0,0
52,"Pinellas","Florida","STRATFORD COURT OF PALM HARBOR",6,6,0,0
52,"Pinellas","Florida","INN AT THE FOUNTAINS",10,10,0,0
52,"Pinellas","Florida","TIERRA PINES CENTER",9,9,0,0
52,"Pinellas","Florida","PALM GARDEN OF PINELLAS",3,3,0,0
52,"Pinellas","Florida","ADDINGTON PLACE OF EAST LAKE",1,1,0,0
52,"Pinellas","Florida","SABAL PALMS HEALTH CARE CENTER",2,2,0,0
52,"Pinellas","Florida","WESTMINSTER SUNCOAST",2,2,0,0
52,"Pinellas","Florida","GRAND VILLA OF CLEARWATER",2,2,0,0
52,"Pinellas","Florida","HEATHER HAVEN",1,1,0,0
52,"Pinellas","Florida","WALTON PLACE",10,10,0,0
52,"Pinellas","Florida","WESTMINSTER PALMS",1,1,0,0
52,"Pinellas","Florida","COUNTRY INN",3,3,0,0
52,"Pinellas","Florida","SEASONS LARGO",4,4,0,0
52,"Pinellas","Florida","SYLVAN TERRACE",1,1,0,0
52,"Pinellas","Florida","OAK MANOR HEALTHCARE & REHABILITATION CENTER",20,20,0,0
52,"Pinellas","Florida","GRAND VILLA OF LARGO",7,7,0,0
52,"Pinellas","Florida","ABBEY REHABILITATION AND NURSING CENTER",12,12,0,0
52,"Pinellas","Florida","UNION HOUSE",1,1,0,0
52,"Pinellas","Florida","LAKESIDE OAKS CARE CENTER",2,1,0,1
52,"Pinellas","Florida","APOLLO HEALTH AND REHABILITATION CENTER",17,17,0,0
52,"Pinellas","Florida","ST PETERSBURG NURSING & REHABILITATION",6,6,0,0
52,"Pinellas","Florida","VINEYARD INN (THE)",1,1,0,0
52,"Pinellas","Florida","HARBOURWOOD CARE CENTER",4,4,0,0
52,"Pinellas","Florida","GULF SHORE CARE CENTER",23,23,0,0
52,"Pinellas","Florida","PALM GARDEN OF CLEARWATER",2,2,0,0
52,"Pinellas","Florida","SHORE ACRES CARE CENTER",2,2,0,0
52,"Pinellas","Florida","EGRET COVE CENTER",4,4,0,0
52,"Pinellas","Florida","MARION AND BERNARD L SAMSON NURSING CENTER",4,4,0,0
52,"Pinellas","Florida","BOCA CIEGA CENTER",13,13,0,0
52,"Pinellas","Florida","CARE CENTER AT PINELLAS PARK, THE",8,8,0,0
52,"Pinellas","Florida","SOUTH HERITAGE HEALTH & REHABILITATION CENTER",4,4,0,0
52,"Pinellas","Florida","HERON HOUSE OF LARGO",2,2,0,0
52,"Pinellas","Florida","HEALTH AND REHABILITATION CENTRE AT DOLPHINS VIEW",7,7,0,0
52,"Pinellas","Florida","PENINSULA CARE AND REHABILITATION CENTER",20,17,0,3
52,"Pinellas","Florida","EVERGREEN MANOR RETIREMENT HOME",4,4,0,0
52,"Pinellas","Florida","ALHAMBRA HEALTH AND REHABILITATION CENTER",2,2,0,0
52,"Pinellas","Florida","SYLVAN HEALTH CENTER",1,1,0,0
52,"Pinellas","Florida","BAY TREE CENTER",2,2,0,0
52,"Pinellas","Florida","ROYAL OAKS MANOR",2,2,0,0
52,"Pinellas","Florida","GLEN OAKS HEALTH AND REHABILITATION CENTER",1,1,0,0
52,"Pinellas","Florida","REGAL PALMS",6,6,0,0
52,"Pinellas","Florida","PATRICK MANOR INC",6,6,0,0
52,"Pinellas","Florida","GRAND VILLA OF PINELLAS PARK",3,3,0,0
52,"Pinellas","Florida","ARBOR OAKS AT TYRONE",7,7,0,0
52,"Pinellas","Florida","PINELLAS POINT NURSING AND REHAB CENTER",2,2,0,0
52,"Pinellas","Florida","KENSINGTON GARDENS REHAB AND NURSING CENTER",7,7,0,0
52,"Pinellas","Florida","ST. MARK VILLAGE",11,11,0,0
52,"Pinellas","Florida","HIGHLAND PINES REHABILITATION CENTER",5,5,0,0
52,"Pinellas","Florida","CROSS TERRACE REHABILITATION CENTER",2,2,0,0
52,"Pinellas","Florida","JACARANDA MANOR",25,23,0,2
52,"Pinellas","Florida","SEMINOLE PAVILION REHABILITATION & NURSING SERVICES",28,27,1,0
52,"Pinellas","Florida","ADDINGTON PLACE AT COLLEGE HARBOR",1,1,0,0
52,"Pinellas","Florida","BRENTWOOD SENIOR LIVING AT ST PETE",2,2,0,0
52,"Pinellas","Florida","WEST BAY OF TAMPA",8,8,0,0
52,"Pinellas","Florida","COUNTRYSIDE REHAB AND HEALTHCARE CENTER",29,29,0,0
52,"Pinellas","Florida","GOLFVIEW HEALTHCARE CENTER",1,1,0,0
52,"Pinellas","Florida","INN AT LAKE SEMINOLE SQUARE (THE)",2,2,0,0
52,"Pinellas","Florida","SEABREEZE SIESTA MANOR, LLC",1,1,0,0
53,"Polk","Florida","OAK HAVEN REHAB AND NURSING CENTER",17,17,0,0
53,"Polk","Florida","GROVES CENTER",7,6,1,0
53,"Polk","Florida","LAKELAND MANOR ALF",6,6,0,0
53,"Polk","Florida","HIGHLANDS LAKE CENTER",31,31,0,0
53,"Polk","Florida","CROSSROADS, THE",4,4,0,0
53,"Polk","Florida","BROOKDALE OAKBRIDGE",1,1,0,0
53,"Polk","Florida","VALENCIA HILLS HEALTH AND REHABILITATION CENTER",22,22,0,0
53,"Polk","Florida","BARTOW CENTER",13,13,0,0
53,"Polk","Florida","CONSULATE HEALTH CARE OF WINTER HAVEN",21,21,0,0
53,"Polk","Florida","LAKELAND HILLS CENTER",12,12,0,0
53,"Polk","Florida","THE GARDENS OF LAKE ALFRED",7,7,0,0
53,"Polk","Florida","WINTER HAVEN HEALTH AND REHABILITATION CENTER",24,23,1,0
53,"Polk","Florida","GRACE HEALTHCARE OF LAKE WALES",4,4,0,0
53,"Polk","Florida","HAINES CITY REHABILITATION AND NURSING CENTER",7,7,0,0
53,"Polk","Florida","BRANDYWYNE HEALTH CARE CENTER",10,10,0,0
53,"Polk","Florida","SPRING HAVEN RETIREMENT COMMUNITY",2,2,0,0
53,"Polk","Florida","CONSULATE HEALTH CARE AT LAKE PARKER",15,15,0,0
53,"Polk","Florida","BROOKDALE HIGHLANDS",4,4,0,0
53,"Polk","Florida","NEW ERA ASSISTED LIVING",4,4,0,0
53,"Polk","Florida","HAINES MANOR ALF",1,1,0,0
53,"Polk","Florida","HAWTHORNE INN OF LAKELAND",4,4,0,0
53,"Polk","Florida","LIFE CARE CENTER OF WINTER HAVEN",3,3,0,0
53,"Polk","Florida","LAKE HOWARD HEIGHTS",2,2,0,0
53,"Polk","Florida","GRAND VILLA OF LAKELAND",6,6,0,0
53,"Polk","Florida","GRACE MANOR SUITES, LLC",7,7,0,0
53,"Polk","Florida","CONSULATE HEALTH CARE OF LAKELAND",7,7,0,0
53,"Polk","Florida","SAVANNAH COTTAGE OF LAKELAND",6,6,0,0
53,"Polk","Florida","PALM GARDEN OF WINTER HAVEN",9,9,0,0
53,"Polk","Florida","ASTORIA HEALTH AND REHABILITATION CENTER",4,4,0,0
53,"Polk","Florida","MERRILL GARDENS AT CHAMPIONSGATE",1,1,0,0
53,"Polk","Florida","BEST CARE SENIOR LIVING AT WINTER HAVEN",1,1,0,0
53,"Polk","Florida","GRACE MANOR AT LAKE MORTON, LLC",8,8,0,0
53,"Polk","Florida","SAVANNAH COURT OF BARTOW",1,0,1,0
53,"Polk","Florida","SPRING LAKE REHABILITATION CENTER",6,6,0,0
53,"Polk","Florida","FLORIDA PRESBYTERIAN HOMES INC",5,5,0,0
53,"Polk","Florida","WEDGEWOOD HEALTHCARE CENTER",5,5,0,0
54,"Putnam","Florida","SOLARIS HEALTHCARE PALATKA",5,5,0,0
54,"Putnam","Florida","LAKEWOOD NURSING CENTER",3,3,0,0
54,"Putnam","Florida","FIVE OAKS REST HOME",2,2,0,0
54,"Putnam","Florida","CRESTWOOD NURSING CENTER",1,1,0,0
57,"Santa Rosa","Florida","PRUITTHEALTH - SANTA ROSA",1,1,0,0
57,"Santa Rosa","Florida","THE TERRACE AT IVEY ACRES OF JAY",1,1,0,0
57,"Santa Rosa","Florida","SANTA ROSA HEALTH & REHABILITATION CENTER",4,4,0,0
57,"Santa Rosa","Florida","BERRYHILL MANOR RETIREMENT CENTER",2,2,0,0
57,"Santa Rosa","Florida","BAY BREEZE SENIOR LIVING AND REHABILITATION CENTER",5,5,0,0
57,"Santa Rosa","Florida","SANDY RIDGE HEALTH AND REHABILITATION",4,4,0,0
58,"Sarasota","Florida","HERON EAST",5,5,0,0
58,"Sarasota","Florida","NORTH PORT REHABILITATION AND NURSING CENTER",1,1,0,0
58,"Sarasota","Florida","CABOT RESERVE ON THE GREEN",5,5,0,0
58,"Sarasota","Florida","TINA'S ALF",2,2,0,0
58,"Sarasota","Florida","PINEBROOK CENTER",4,4,0,0
58,"Sarasota","Florida","ATRIA SARASOTA",1,1,0,0
58,"Sarasota","Florida","ARAVILLA",1,1,0,0
58,"Sarasota","Florida","SPRINGS AT LAKE POINTE WOODS",3,3,0,0
58,"Sarasota","Florida","HEARTLAND HEALTH CARE CENTER - NORTH SARASOTA",6,6,0,0
58,"Sarasota","Florida","TARPON POINT NURSING AND REHABILITATION CENTER",25,25,0,0
58,"Sarasota","Florida","ASHTON PLACE CORP",2,2,0,0
58,"Sarasota","Florida","TUSCAN GARDENS OF VENETIA BAY",1,1,0,0
58,"Sarasota","Florida","HAWTHORNE HEALTH AND REHAB OF SARASOTA",5,4,1,0
58,"Sarasota","Florida","SARASOTA POINT REHABILITATION CENTER",13,13,0,0
58,"Sarasota","Florida","ANCHIN PAVILION",3,3,0,0
58,"Sarasota","Florida","ANGELS SENIOR LIVING AT SARASOTA",5,5,0,0
58,"Sarasota","Florida","BAY BREEZE HEALTH AND REHABILITATION CENTER",6,6,0,0
58,"Sarasota","Florida","THE FOUNTAINS OF HOPE",7,7,0,0
58,"Sarasota","Florida","BAY VILLAGE OF SARASOTA",1,1,0,0
58,"Sarasota","Florida","DESOTO PALMS LLC",1,1,0,0
58,"Sarasota","Florida","MAGNOLIA HEALTH AND REHABILITATION CENTER",2,2,0,0
58,"Sarasota","Florida","HARBORCHASE OF VENICE",3,3,0,0
58,"Sarasota","Florida","PLYMOUTH HARBOR INC",1,1,0,0
58,"Sarasota","Florida","BROOKDALE DEER CREEK SARASOTA",8,8,0,0
58,"Sarasota","Florida","THE SPRINGS AT SOUTH BISCAYNE",1,1,0,0
58,"Sarasota","Florida","SUNSHINE MEADOWS ASSISTED LIVING FACILITY INC",3,3,0,0
58,"Sarasota","Florida","HERON CLUB AT PRESTANCIA THE",1,1,0,0
58,"Sarasota","Florida","LIANA OF SARASOTA",1,1,0,0
58,"Sarasota","Florida","PINES OF SARASOTA",4,4,0,0
58,"Sarasota","Florida","HEARTLAND HEALTH CARE & REHABILITATION CENTER",2,2,0,0
58,"Sarasota","Florida","CONSULATE HEALTH CARE OF SARASOTA",8,8,0,0
58,"Sarasota","Florida","LILY'S PROMISE, LLC",1,1,0,0
58,"Sarasota","Florida","BENEVA LAKES HEALTHCARE AND REHABILITATION CENTER",4,4,0,0
58,"Sarasota","Florida","SPRINGWOOD CENTER",2,2,0,0
58,"Sarasota","Florida","SARASOTA MEMORIAL NURSING AND REHABILITATION CENTER",1,1,0,0
58,"Sarasota","Florida","SARASOTA HEALTH AND REHABILITATION CENTER",10,10,0,0
58,"Sarasota","Florida","BENEVA LAKES ASSISTED LIVING CENTER",1,0,0,1
58,"Sarasota","Florida","CROSSBREEZE CARE CENTER",6,6,0,0
59,"Seminole","Florida","ARDEN COURTS OF WINTER SPRINGS",1,1,0,0
59,"Seminole","Florida","GRAND VILLA OF ALTAMONTE SPRINGS",4,4,0,0
59,"Seminole","Florida","VILLAGE ON THE GREEN",16,16,0,0
59,"Seminole","Florida","OAKMONTE VILLAGE OF LAKE MARY - CORDOVA",12,12,0,0
59,"Seminole","Florida","HEALTHCARE AND REHAB OF SANFORD",9,9,0,0
59,"Seminole","Florida","GRACIOUS AGE",3,3,0,0
59,"Seminole","Florida","LAKE MARY HEALTH AND REHABILITATION CENTER",3,3,0,0
59,"Seminole","Florida","SPRING HILLS LAKE MARY",2,2,0,0
59,"Seminole","Florida","LIFE CARE CENTER OF ALTAMONTE SPRINGS",40,40,0,0
59,"Seminole","Florida","RENAISSANCE RETIREMENT CENTER",5,5,0,0
59,"Seminole","Florida","CONSULATE HEALTH CARE AT WEST ALTAMONTE",5,4,1,0
59,"Seminole","Florida","ADVENTHEALTH CARE CENTER APOPKA SOUTH",7,7,0,0
59,"Seminole","Florida","ISLAND LAKE CENTER",1,1,0,0
59,"Seminole","Florida","SAVANNAH COTTAGE OF OVIEDO",5,5,0,0
59,"Seminole","Florida","SAVANNAH COURT OF OVIEDO I",1,1,0,0
59,"Seminole","Florida","MADISON AT OVIEDO",1,1,0,0
59,"Seminole","Florida","GREENBRIAR RETIREMENT HOME",1,1,0,0
59,"Seminole","Florida","EASTBROOKE GARDENS",23,22,0,1
59,"Seminole","Florida","WATERMARK AT VISTAWILLA, THE",1,1,0,0
59,"Seminole","Florida","LONGWOOD HEALTH AND REHABILITATION CENTER",6,6,0,0
59,"Seminole","Florida","PALMS OF LONGWOOD (THE)",2,2,0,0
55,"St. Johns","Florida","WESTMINSTER WOODS ON JULINGTON CREEK",2,2,0,0
55,"St. Johns","Florida","MOULTRIE CREEK NURSING AND REHAB CENTER",7,7,0,0
55,"St. Johns","Florida","THE LEGACY AT ST JOHNS",2,1,1,0
55,"St. Johns","Florida","SAMANTHA WILSON CARE CENTER",6,5,0,1
55,"St. Johns","Florida","RIVERSIDE COTTAGES @ THE SHORES, LLC",1,1,0,0
55,"St. Johns","Florida","ST AUGUSTINE CENTER FOR LIVING",1,0,1,0
55,"St. Johns","Florida","ALLEGRO - 1101 PLANTATION ISLAND DRIVE",1,1,0,0
55,"St. Johns","Florida","PONCE THERAPY CARE CENTER, THE",2,2,0,0
55,"St. Johns","Florida","ST AUGUSTINE HEALTH AND REHABILITATION CENTER",7,7,0,0
55,"St. Johns","Florida","SILVER CREEK, ST AUGUSTINE LLC",5,5,0,0
55,"St. Johns","Florida","STARLING AT NOCATEE",2,2,0,0
56,"St. Lucie","Florida","SANDGATE GARDENS REHAB AND NURSING CENTER",10,9,1,0
56,"St. Lucie","Florida","PARADISE CARE COTTAGE",9,9,0,0
56,"St. Lucie","Florida","ABBIEJEAN RUSSELL CARE CENTER LLC",7,7,0,0
56,"St. Lucie","Florida","THE BROADMOOR ALF",13,13,0,0
56,"St. Lucie","Florida","THE GARDENS OF PORT ST LUCIE",3,3,0,0
56,"St. Lucie","Florida","VITALITY STAR RESORT ALF LLC",2,2,0,0
56,"St. Lucie","Florida","ATRIA PORT ST LUCIE",1,1,0,0
56,"St. Lucie","Florida","PALM GARDEN OF PORT ST. LUCIE",9,9,0,0
56,"St. Lucie","Florida","PORT ST. LUCIE REHABILITATION AND HEALTHCARE",22,21,1,0
56,"St. Lucie","Florida","FORT PIERCE HEALTH CARE",15,15,0,0
56,"St. Lucie","Florida","EMERALD HEALTH CARE CENTER",15,15,0,0
56,"St. Lucie","Florida","LAKE FOREST PARK",4,4,0,0
56,"St. Lucie","Florida","LIFE CARE CENTER OF PORT ST. LUCIE",17,17,0,0
56,"St. Lucie","Florida","LYNMOORE ST LUCIE LAWNWOOD AND MEMORY CARE (THE)",3,3,0,0
56,"St. Lucie","Florida","TIFFANY HALL NURSING AND REHAB CENTER",20,20,0,0
60,"Sumter","Florida","SERENADES IN THE VILLAGES",1,1,0,0
60,"Sumter","Florida","HARBORCHASE OF VILLAGES CROSSING",1,1,0,0
60,"Sumter","Florida","CYPRESS CARE CENTER",14,13,1,0
60,"Sumter","Florida","OSPREY POINT NURSING CENTER",2,2,0,0
60,"Sumter","Florida","BUFFALO CROSSING HEALTHCARE AND REHABILITATION CENTER",1,1,0,0
60,"Sumter","Florida","TRINITY SPRINGS",4,4,0,0
61,"Suwannee","Florida","SURREY PLACE CARE CENTER",8,7,1,0
61,"Suwannee","Florida","DACIER MANOR",1,1,0,0
61,"Suwannee","Florida","GOOD SAMARITAN CENTER",20,14,0,6
61,"Suwannee","Florida","SUWANNEE HEALTH AND REHABILITATION CENTER",21,21,0,0
62,"Taylor","Florida","MARSHALL HEALTH AND REHABILITATION CENTER",1,1,0,0
999,"Unknown","Florida","UNKNOWN",16,14,1,1
64,"Volusia","Florida","GOOD SAMARITAN SOCIETY-DAYTONA",1,1,0,0
64,"Volusia","Florida","INDIGO MANOR",1,0,1,0
64,"Volusia","Florida","BISHOP'S GLEN RETIREMENT CENTER",7,7,0,0
64,"Volusia","Florida","ORANGE CITY NURSING AND REHAB CENTER",5,5,0,0
64,"Volusia","Florida","SELAH LIVING LLC",1,1,0,0
64,"Volusia","Florida","DAYTONA BEACH HEALTH AND REHABILITATION CENTER",3,3,0,0
64,"Volusia","Florida","SPRINGS OF PARC HILL, THE",1,1,0,0
64,"Volusia","Florida","BROOKDALE ORMOND BEACH WEST",1,1,0,0
64,"Volusia","Florida","OCEAN VIEW NURSING & REHABILITATION CENTER, LLC",7,7,0,0
64,"Volusia","Florida","BISHOPS GLEN RETIREMENT CENTER",6,6,0,0
64,"Volusia","Florida","WOODLAND TOWERS",3,3,0,0
64,"Volusia","Florida","COQUINA CENTER",24,24,0,0
64,"Volusia","Florida","VILLA HEALTH & REHABILITATION CENTER",1,1,0,0
64,"Volusia","Florida","GOOD SAMARITAN SOCIETY-FLORIDA LUTHERAN",2,2,0,0
64,"Volusia","Florida","AVANTE AT ORMOND BEACH, INC",7,6,1,0
64,"Volusia","Florida","COASTAL HEALTH AND REHABILITATION CENTER",6,5,0,1
64,"Volusia","Florida","RIDGECREST NURSING AND REHABILITATION CENTER",9,9,0,0
64,"Volusia","Florida","GROVES AT ALLIANCE COMMUNITY (THE)",4,3,1,0
64,"Volusia","Florida","GOLD CHOICE ORMOND BEACH",2,2,0,0
64,"Volusia","Florida","GRAND VILLA OF DELAND",2,2,0,0
64,"Volusia","Florida","UNIVERSITY WEST REHABILITATION CENTER",6,6,0,0
64,"Volusia","Florida","INDIGO PALMS",2,2,0,0
64,"Volusia","Florida","DEBARY HEALTH AND REHABILITATION CENTER",5,5,0,0
64,"Volusia","Florida","DELTONA HEALTH CARE",14,14,0,0
64,"Volusia","Florida","SEASIDE HEALTH AND REHABILITATION CENTER",9,9,0,0
64,"Volusia","Florida","OAKTREE HEALTHCARE",4,4,0,0
66,"Walton","Florida","CHAUTAUQUA REHABILITATION AND NURSING CENTER",11,11,0,0
66,"Walton","Florida","BROOKDALE DESTIN",1,1,0,0
66,"Walton","Florida","GRAND BOULEVARD HEALTH AND REHABILITATION CENTER",2,2,0,0
67,"Washington","Florida","WASHINGTON REHABILITATION AND NURSING CENTER",12,12,0,0
